date,close,open,high,low
20240827,"17,720.66","17,655.52","17,786.72","17,573.37"
20240826,"17,725.77","17,867.85","17,909.09","17,645.69"
20240823,"17,877.79","17,772.73","17,941.27","17,700.27"
20240822,"17,619.35","17,993.72","18,017.69","17,589.15"
20240821,"17,918.99","17,840.51","17,963.07","17,790.98"
20240820,"17,816.94","17,849.09","17,932.53","17,758.20"
20240819,"17,876.77","17,649.74","17,877.44","17,585.58"
20240816,"17,631.72","17,516.40","17,674.65","17,502.82"
20240815,"17,594.50","17,394.54","17,602.72","17,375.41"
20240814,"17,192.60","17,227.64","17,260.73","17,032.17"
20240813,"17,187.61","16,944.73","17,192.79","16,943.95"
20240812,"16,780.61","16,793.64","16,895.79","16,699.39"
20240809,"16,745.30","16,636.52","16,789.22","16,574.57"
20240808,"16,660.02","16,408.27","16,694.25","16,262.93"
20240807,"16,195.81","16,622.31","16,709.81","16,179.53"
20240806,"16,366.86","16,261.36","16,620.31","16,137.65"
20240805,"16,200.08","15,712.53","16,453.46","15,708.54"
20240802,"16,776.16","16,780.45","16,920.63","16,582.79"
20240801,"17,194.14","17,647.03","17,791.59","17,051.42"
20240731,"17,599.40","17,499.23","17,693.98","17,438.60"
20240730,"17,147.42","17,424.10","17,468.56","17,015.38"
20240729,"17,370.20","17,444.39","17,535.32","17,299.83"
20240726,"17,357.88","17,331.95","17,454.57","17,239.99"
20240725,"17,181.72","17,352.64","17,544.46","17,033.96"
20240724,"17,342.41","17,733.91","17,747.06","17,313.52"
20240723,"17,997.35","17,982.74","18,128.38","17,968.10"
20240722,"18,007.57","17,923.64","18,040.99","17,839.76"
20240719,"17,726.94","17,835.59","17,935.14","17,691.43"
20240718,"17,871.22","18,119.15","18,130.87","17,759.54"
20240717,"17,996.93","18,188.19","18,223.24","17,972.87"
20240716,"18,509.34","18,534.27","18,576.83","18,386.07"
20240715,"18,472.57","18,485.91","18,641.53","18,397.83"
20240712,"18,398.45","18,303.64","18,556.73","18,293.60"
20240711,"18,283.41","18,659.25","18,671.07","18,238.78"
20240710,"18,647.45","18,512.09","18,655.19","18,467.58"
20240709,"18,429.29","18,465.02","18,511.89","18,381.60"
20240708,"18,403.74","18,371.86","18,416.94","18,342.60"
20240705,"18,352.76","18,200.60","18,366.31","18,197.13"
20240703,"18,188.30","18,016.12","18,188.30","18,016.12"
20240702,"18,028.76","17,808.04","18,031.29","17,802.24"
20240701,"17,879.30","17,773.90","17,894.28","17,657.64"
20240628,"17,732.60","17,891.10","18,035.00","17,723.83"
20240627,"17,858.68","17,793.95","17,892.78","17,765.42"
20240626,"17,805.16","17,697.27","17,813.55","17,687.07"
20240625,"17,717.65","17,572.16","17,734.35","17,546.63"
20240624,"17,496.82","17,640.26","17,730.12","17,494.02"
20240621,"17,689.36","17,681.01","17,787.34","17,620.57"
20240620,"17,721.59","17,913.94","17,936.79","17,650.70"
20240618,"17,862.23","17,856.76","17,890.52","17,796.88"
20240617,"17,857.02","17,697.30","17,935.98","17,636.36"
20240614,"17,688.88","17,621.18","17,693.43","17,590.80"
20240613,"17,667.56","17,715.27","17,741.80","17,566.32"
20240612,"17,608.44","17,502.15","17,725.39","17,490.64"
20240611,"17,343.55","17,160.42","17,345.05","17,107.99"
20240610,"17,192.53","17,083.45","17,213.45","17,057.34"
20240607,"17,133.13","17,124.13","17,229.31","17,090.04"
20240606,"17,173.12","17,204.87","17,235.73","17,123.59"
20240605,"17,187.90","16,974.48","17,187.92","16,955.56"
20240604,"16,857.05","16,823.88","16,891.87","16,750.39"
20240603,"16,828.67","16,865.70","16,909.89","16,646.43"
20240531,"16,735.02","16,771.90","16,789.27","16,445.54"
20240530,"16,737.08","16,878.63","16,900.46","16,690.36"
20240529,"16,920.58","16,879.35","16,989.60","16,873.97"
20240528,"17,019.88","16,988.31","17,032.65","16,917.51"
20240524,"16,920.79","16,786.79","16,947.79","16,771.58"
20240523,"16,736.03","16,996.38","16,996.38","16,678.37"
20240522,"16,801.54","16,839.02","16,855.27","16,712.09"
20240521,"16,832.62","16,736.10","16,839.02","16,719.97"
20240520,"16,794.87","16,702.02","16,823.83","16,695.69"
20240517,"16,685.97","16,708.49","16,726.41","16,613.84"
20240516,"16,698.32","16,738.11","16,797.83","16,693.45"
20240515,"16,742.39","16,601.14","16,749.74","16,544.09"
20240514,"16,511.18","16,391.16","16,526.27","16,386.44"
20240513,"16,388.24","16,400.31","16,407.05","16,334.86"
20240510,"16,340.87","16,389.02","16,437.39","16,293.52"
20240509,"16,346.26","16,323.74","16,362.79","16,241.98"
20240508,"16,302.76","16,226.07","16,341.65","16,226.07"
20240507,"16,332.55","16,358.34","16,397.39","16,303.84"
20240506,"16,349.25","16,208.54","16,350.08","16,197.86"
20240503,"16,156.33","16,147.48","16,204.71","16,068.34"
20240502,"15,840.96","15,758.11","15,862.79","15,604.73"
20240501,"15,605.48","15,646.09","15,926.22","15,557.64"
20240430,"15,657.82","15,920.89","15,979.36","15,655.67"
20240429,"15,983.08","16,007.00","16,021.50","15,885.89"
20240426,"15,927.90","15,821.33","15,981.00","15,770.72"
20240425,"15,611.76","15,375.26","15,644.51","15,343.91"
20240424,"15,712.75","15,805.60","15,839.00","15,634.44"
20240423,"15,696.64","15,525.55","15,730.35","15,510.58"
20240422,"15,451.30","15,396.13","15,539.00","15,265.66"
20240419,"15,282.01","15,547.10","15,576.70","15,222.78"
20240418,"15,601.50","15,705.70","15,786.12","15,587.50"
20240417,"15,683.37","15,942.29","15,957.03","15,654.51"
20240416,"15,865.25","15,856.38","15,965.79","15,822.02"
20240415,"15,885.02","16,276.47","16,295.27","15,863.88"
20240412,"16,175.09","16,293.03","16,341.46","16,125.33"
20240411,"16,442.20","16,236.20","16,464.60","16,154.65"
20240410,"16,170.36","16,104.01","16,200.10","16,092.02"
20240409,"16,306.64","16,328.76","16,348.18","16,141.15"
20240408,"16,253.96","16,285.18","16,323.60","16,220.72"
20240405,"16,248.52","16,095.40","16,326.50","16,080.49"
20240404,"16,049.08","16,418.57","16,468.04","16,046.56"
20240403,"16,277.46","16,178.79","16,340.74","16,169.31"
20240402,"16,240.45","16,199.24","16,251.41","16,137.24"
20240401,"16,396.83","16,397.05","16,490.65","16,327.89"
20240328,"16,379.46","16,377.23","16,420.92","16,347.38"
20240327,"16,399.52","16,424.76","16,431.82","16,279.17"
20240326,"16,315.70","16,446.85","16,476.38","16,312.95"
20240325,"16,384.47","16,335.30","16,441.17","16,315.72"
20240322,"16,428.82","16,387.83","16,467.62","16,361.00"
20240321,"16,401.84","16,517.24","16,538.86","16,393.90"
20240320,"16,369.41","16,185.76","16,377.44","16,127.48"
20240319,"16,166.79","16,031.93","16,175.59","15,951.86"
20240318,"16,103.45","16,154.92","16,247.59","16,094.17"
20240315,"15,973.17","16,043.58","16,055.33","15,925.91"
20240314,"16,128.53","16,209.19","16,245.32","16,039.68"
20240313,"16,177.77","16,220.11","16,233.29","16,143.34"
20240312,"16,265.64","16,116.98","16,275.45","15,992.98"
20240311,"16,019.27","16,052.63","16,085.95","15,978.04"
20240308,"16,085.11","16,322.10","16,449.70","16,059.50"
20240307,"16,273.38","16,147.32","16,309.02","16,096.01"
20240306,"16,031.54","16,092.00","16,128.56","15,956.66"
20240305,"15,939.59","16,077.74","16,087.57","15,862.63"
20240304,"16,207.51","16,264.21","16,289.06","16,199.06"
20240301,"16,274.94","16,109.83","16,302.24","16,096.60"
20240229,"16,091.92","16,059.34","16,115.96","15,931.70"
20240228,"15,947.74","15,969.14","16,003.56","15,924.72"
20240227,"16,035.30","16,013.98","16,046.10","15,940.51"
20240226,"15,976.25","16,014.45","16,054.90","15,973.90"
20240223,"15,996.82","16,094.80","16,134.22","15,954.50"
20240222,"16,041.62","15,904.48","16,061.82","15,869.24"
20240221,"15,580.87","15,532.12","15,583.68","15,451.65"
20240220,"15,630.78","15,679.84","15,730.47","15,508.50"
20240216,"15,775.65","15,910.43","15,917.41","15,752.02"
20240215,"15,906.17","15,865.30","15,911.22","15,779.71"
20240214,"15,859.15","15,781.71","15,865.51","15,683.94"
20240213,"15,655.60","15,598.88","15,770.42","15,551.44"
20240212,"15,942.54","15,980.62","16,080.07","15,917.87"
20240209,"15,990.66","15,842.38","16,007.29","15,831.76"
20240208,"15,793.71","15,762.23","15,813.27","15,739.18"
20240207,"15,756.64","15,690.35","15,770.67","15,645.80"
20240206,"15,609.00","15,638.19","15,652.75","15,515.25"
20240205,"15,597.68","15,613.99","15,637.88","15,471.68"
20240202,"15,628.95","15,403.16","15,664.21","15,366.78"
20240201,"15,361.64","15,254.02","15,372.13","15,208.88"
20240131,"15,164.01","15,324.19","15,405.55","15,158.49"
20240130,"15,509.90","15,604.08","15,619.23","15,484.67"
20240129,"15,628.04","15,470.66","15,630.58","15,449.87"
20240126,"15,455.36","15,474.85","15,538.84","15,433.04"
20240125,"15,510.50","15,555.62","15,597.25","15,430.68"
20240124,"15,481.92","15,560.61","15,629.07","15,468.91"
20240123,"15,425.94","15,391.41","15,432.35","15,337.23"
20240122,"15,360.29","15,393.05","15,438.85","15,333.63"
20240119,"15,310.97","15,122.38","15,310.97","15,087.20"
20240118,"15,055.65","14,994.52","15,066.81","14,911.11"
20240117,"14,855.62","14,814.77","14,865.76","14,706.23"
20240116,"14,944.35","14,908.26","15,004.35","14,863.81"
20240112,"14,972.76","15,001.01","15,047.25","14,931.88"
20240111,"14,970.18","15,020.95","15,063.61","14,800.38"
20240110,"14,969.65","14,877.70","14,998.20","14,842.70"
20240109,"14,857.71","14,744.13","14,894.32","14,716.71"
20240108,"14,843.77","14,564.47","14,846.90","14,560.20"
20240105,"14,524.07","14,500.11","14,625.19","14,477.57"
20240104,"14,510.30","14,532.23","14,632.77","14,504.78"
20240103,"14,592.21","14,641.47","14,694.58","14,577.44"
20240102,"14,765.94","14,873.70","14,887.80","14,682.38"
20231229,"15,011.35","15,099.20","15,111.41","14,955.37"
20231228,"15,095.14","15,142.09","15,150.07","15,087.22"
20231227,"15,099.18","15,089.66","15,114.08","15,051.67"
20231226,"15,074.57","15,028.69","15,101.18","15,024.06"
20231222,"14,992.97","15,006.18","15,047.19","14,927.12"
20231221,"14,963.87","14,923.14","14,970.81","14,837.47"
20231220,"14,777.94","14,973.36","15,069.29","14,776.29"
20231219,"15,003.22","14,923.02","15,003.80","14,921.60"
20231218,"14,905.19","14,814.02","14,938.04","14,811.82"
20231215,"14,813.92","14,797.46","14,848.41","14,753.16"
20231214,"14,761.56","14,798.72","14,855.62","14,642.23"
20231213,"14,733.96","14,555.68","14,743.55","14,517.53"
20231212,"14,533.40","14,423.01","14,533.40","14,385.39"
20231211,"14,432.49","14,340.13","14,436.08","14,324.57"
20231208,"14,403.97","14,279.46","14,416.92","14,264.96"
20231207,"14,339.99","14,230.43","14,353.11","14,220.87"
20231206,"14,146.71","14,325.62","14,327.63","14,138.51"
20231205,"14,229.91","14,126.40","14,285.66","14,121.76"
20231204,"14,185.49","14,168.66","14,197.52","14,058.52"
20231201,"14,305.03","14,181.35","14,311.95","14,135.00"
20231130,"14,226.22","14,265.05","14,289.20","14,127.05"
20231129,"14,258.49","14,367.11","14,423.22","14,247.89"
20231128,"14,281.76","14,224.63","14,303.66","14,195.72"
20231127,"14,241.02","14,239.31","14,305.71","14,205.24"
20231124,"14,250.86","14,238.04","14,270.28","14,214.13"
20231122,"14,265.86","14,283.82","14,359.61","14,226.63"
20231121,"14,199.98","14,217.23","14,237.50","14,146.30"
20231120,"14,284.53","14,134.75","14,309.80","14,134.20"
20231117,"14,125.48","14,101.43","14,154.32","14,063.93"
20231116,"14,113.67","14,066.88","14,130.45","14,033.79"
20231115,"14,103.84","14,147.27","14,194.36","14,060.70"
20231114,"14,094.38","14,015.37","14,124.06","14,003.14"
20231113,"13,767.74","13,745.96","13,805.11","13,687.78"
20231110,"13,798.11","13,571.19","13,802.53","13,556.35"
20231109,"13,521.45","13,693.70","13,697.82","13,506.02"
20231108,"13,650.41","13,660.22","13,684.87","13,573.58"
20231107,"13,639.86","13,555.79","13,675.46","13,516.56"
20231106,"13,518.78","13,514.08","13,551.62","13,435.99"
20231103,"13,478.28","13,362.85","13,520.28","13,344.73"
20231102,"13,294.19","13,230.49","13,302.18","13,177.64"
20231101,"13,061.47","12,887.06","13,072.42","12,875.20"
20231031,"12,851.24","12,786.62","12,859.40","12,697.04"
20231030,"12,789.48","12,750.46","12,842.96","12,691.56"
20231027,"12,643.01","12,718.69","12,772.43","12,600.57"
20231026,"12,595.61","12,768.97","12,818.14","12,543.86"
20231025,"12,821.22","13,039.86","13,042.52","12,804.30"
20231024,"13,139.88","13,084.99","13,170.39","13,022.85"
20231023,"13,018.33","12,930.85","13,143.22","12,848.83"
20231020,"12,983.81","13,157.77","13,177.35","12,977.43"
20231019,"13,186.17","13,354.80","13,404.73","13,157.33"
20231018,"13,314.30","13,439.68","13,499.74","13,275.30"
20231017,"13,533.75","13,419.87","13,602.25","13,364.74"
20231016,"13,567.98","13,453.81","13,598.05","13,447.17"
20231013,"13,407.23","13,613.59","13,619.54","13,361.85"
20231012,"13,574.22","13,672.47","13,714.14","13,491.56"
20231011,"13,659.68","13,619.21","13,671.11","13,549.29"
20231010,"13,562.84","13,505.81","13,659.63","13,491.81"
20231009,"13,484.24","13,326.22","13,509.30","13,277.48"
20231006,"13,431.34","13,127.68","13,472.27","13,099.03"
20231005,"13,219.83","13,228.12","13,251.18","13,087.57"
20231004,"13,236.01","13,092.92","13,258.76","13,072.51"
20231003,"13,059.47","13,229.68","13,280.04","13,008.60"
20231002,"13,307.77","13,217.99","13,364.03","13,204.08"
20230929,"13,219.32","13,337.71","13,382.98","13,177.09"
20230928,"13,201.28","13,043.37","13,270.97","13,025.11"
20230927,"13,092.85","13,115.36","13,156.37","12,963.16"
20230926,"13,063.61","13,180.96","13,199.13","13,033.40"
20230925,"13,271.32","13,172.54","13,277.83","13,132.00"
20230922,"13,211.81","13,287.17","13,353.22","13,200.64"
20230921,"13,223.99","13,328.06","13,362.23","13,222.56"
20230920,"13,469.13","13,710.26","13,727.81","13,467.28"
20230919,"13,678.19","13,649.44","13,705.15","13,578.87"
20230918,"13,710.24","13,669.96","13,751.28","13,663.46"
20230915,"13,708.33","13,889.20","13,895.75","13,684.24"
20230914,"13,926.05","13,889.76","13,957.57","13,810.66"
20230913,"13,813.58","13,773.67","13,868.57","13,733.82"
20230912,"13,773.62","13,858.94","13,913.60","13,763.69"
20230911,"13,917.89","13,884.03","13,937.46","13,805.13"
20230908,"13,761.53","13,754.71","13,843.37","13,733.18"
20230907,"13,748.83","13,675.11","13,774.63","13,642.47"
20230906,"13,872.47","13,988.81","14,001.95","13,802.42"
20230905,"14,020.95","13,994.54","14,060.85","13,945.65"
20230901,"14,031.82","14,129.96","14,149.62","13,982.42"
20230831,"14,034.97","14,041.54","14,114.67","14,010.48"
20230830,"14,019.31","13,961.77","14,050.82","13,924.20"
20230829,"13,943.76","13,687.23","13,959.81","13,677.06"
20230828,"13,705.13","13,695.36","13,735.98","13,626.64"
20230825,"13,590.65","13,514.37","13,633.42","13,376.34"
20230824,"13,463.97","13,834.31","13,834.68","13,462.84"
20230823,"13,721.03","13,532.43","13,757.00","13,532.43"
20230822,"13,505.87","13,593.95","13,598.76","13,484.38"
20230821,"13,497.59","13,347.26","13,516.86","13,325.59"
20230818,"13,290.78","13,190.02","13,335.87","13,161.76"
20230817,"13,316.93","13,527.30","13,535.09","13,303.45"
20230816,"13,474.63","13,593.17","13,644.32","13,473.03"
20230815,"13,631.05","13,760.48","13,774.98","13,611.93"
20230814,"13,788.33","13,599.00","13,789.16","13,582.49"
20230811,"13,644.85","13,633.65","13,720.33","13,609.98"
20230810,"13,721.03","13,818.25","13,947.16","13,686.51"
20230809,"13,705.08","13,897.61","13,898.54","13,698.39"
20230808,"13,867.19","13,875.45","13,899.74","13,769.34"
20230807,"13,977.13","13,972.45","13,997.15","13,864.92"
20230804,"13,892.07","14,025.96","14,119.22","13,897.93"
20230803,"13,959.71","13,899.76","14,032.28","13,881.35"
20230802,"13,973.45","14,132.73","14,133.85","13,914.81"
20230801,"14,283.91","14,274.93","14,309.21","14,215.64"
20230731,"14,346.02","14,337.90","14,370.91","14,292.75"
20230728,"14,316.66","14,199.83","14,344.35","14,188.10"
20230727,"14,050.11","14,319.16","14,360.20","14,006.92"
20230726,"14,127.28","14,123.52","14,187.35","14,041.95"
20230725,"14,144.55","14,093.24","14,201.91","14,092.52"
20230724,"14,058.87","14,081.63","14,110.15","13,997.13"
20230721,"14,032.80","14,148.17","14,179.01","14,020.45"
20230720,"14,063.31","14,273.29","14,309.92","14,030.63"
20230719,"14,358.02","14,398.53","14,446.55","14,317.09"
20230718,"14,353.64","14,212.25","14,396.69","14,176.11"
20230717,"14,244.95","14,149.92","14,274.41","14,138.00"
20230714,"14,113.70","14,166.66","14,232.11","14,081.96"
20230713,"14,138.57","14,021.15","14,163.80","14,012.24"
20230712,"13,918.96","13,915.64","13,963.45","13,842.13"
20230711,"13,760.70","13,709.82","13,774.83","13,643.32"
20230710,"13,685.48","13,645.37","13,692.41","13,584.87"
20230707,"13,660.72","13,668.07","13,804.51","13,656.74"
20230706,"13,679.04","13,653.17","13,689.52","13,567.25"
20230705,"13,791.65","13,772.10","13,844.50","13,764.25"
20230703,"13,816.77","13,798.70","13,839.09","13,773.41"
20230630,"13,787.92","13,719.98","13,816.67","13,716.16"
20230629,"13,591.33","13,592.36","13,618.53","13,540.26"
20230628,"13,591.75","13,506.02","13,654.14","13,495.73"
20230627,"13,555.67","13,389.25","13,578.80","13,366.97"
20230626,"13,335.78","13,468.75","13,573.57","13,334.42"
20230623,"13,492.52","13,484.10","13,572.18","13,442.65"
20230622,"13,630.61","13,443.41","13,631.85","13,441.56"
20230621,"13,502.20","13,620.87","13,638.57","13,460.94"
20230620,"13,667.29","13,642.29","13,711.18","13,561.84"
20230616,"13,689.57","13,859.07","13,864.06","13,680.96"
20230615,"13,782.82","13,572.88","13,828.17","13,561.37"
20230614,"13,626.48","13,570.56","13,661.74","13,455.99"
20230613,"13,573.32","13,566.53","13,594.40","13,473.19"
20230612,"13,461.92","13,326.37","13,465.91","13,302.58"
20230609,"13,259.14","13,312.39","13,385.95","13,229.33"
20230608,"13,238.52","13,113.27","13,248.60","13,101.18"
20230607,"13,104.89","13,295.26","13,361.90","13,089.48"
20230606,"13,276.42","13,199.59","13,306.21","13,165.65"
20230605,"13,229.43","13,238.48","13,330.65","13,194.95"
20230602,"13,240.77","13,190.48","13,256.21","13,125.86"
20230601,"13,100.98","12,944.46","13,141.83","12,903.63"
20230531,"12,935.29","12,968.38","13,029.08","12,889.37"
20230530,"13,017.43","13,109.10","13,154.29","12,968.12"
20230526,"12,975.69","12,736.42","13,001.91","12,729.74"
20230525,"12,698.09","12,706.44","12,736.92","12,604.89"
20230524,"12,484.16","12,481.89","12,529.63","12,415.85"
20230523,"12,560.25","12,652.88","12,709.74","12,554.43"
20230522,"12,720.78","12,664.44","12,756.22","12,655.26"
20230519,"12,657.90","12,709.46","12,731.73","12,624.06"
20230518,"12,688.84","12,513.87","12,698.50","12,512.26"
20230517,"12,500.57","12,388.58","12,514.07","12,335.02"
20230516,"12,343.05","12,327.05","12,403.81","12,324.52"
20230515,"12,365.21","12,301.17","12,376.40","12,263.35"
20230512,"12,284.74","12,350.52","12,364.65","12,209.58"
20230511,"12,328.51","12,321.26","12,347.38","12,255.44"
20230510,"12,306.44","12,286.66","12,337.69","12,180.86"
20230509,"12,179.55","12,195.78","12,216.13","12,174.06"
20230508,"12,256.92","12,231.68","12,264.99","12,178.26"
20230505,"12,235.41","12,073.03","12,264.83","12,065.72"
20230504,"11,966.40","11,997.34","12,033.15","11,925.37"
20230503,"12,025.33","12,097.04","12,212.55","12,022.46"
20230502,"12,080.51","12,198.02","12,206.58","12,015.22"
20230501,"12,212.60","12,210.05","12,261.32","12,181.08"
20230428,"12,226.58","12,117.54","12,227.72","12,082.57"
20230427,"12,142.24","11,972.15","12,154.01","11,950.92"
20230426,"11,854.35","11,913.23","11,967.99","11,833.07"
20230425,"11,799.16","11,968.81","11,990.46","11,798.77"
20230424,"12,037.20","12,053.47","12,103.58","11,960.30"
20230421,"12,072.46","12,046.03","12,097.15","11,986.82"
20230420,"12,059.56","12,039.08","12,155.96","12,011.95"
20230419,"12,157.23","12,063.68","12,191.10","12,060.17"
20230418,"12,153.41","12,234.56","12,245.43","12,110.23"
20230417,"12,157.72","12,108.23","12,159.02","12,064.10"
20230414,"12,123.46","12,117.91","12,205.72","12,026.55"
20230413,"12,166.27","11,997.42","12,178.80","11,995.94"
20230412,"11,929.34","12,110.87","12,134.50","11,916.54"
20230411,"12,031.88","12,080.24","12,091.27","12,011.40"
20230410,"12,084.36","11,975.13","12,084.95","11,924.20"
20230406,"12,087.96","11,939.08","12,098.50","11,898.36"
20230405,"11,996.86","12,081.76","12,086.75","11,931.84"
20230404,"12,126.33","12,208.49","12,224.68","12,081.81"
20230403,"12,189.45","12,146.09","12,196.34","12,086.52"
20230331,"12,221.91","12,031.54","12,227.93","12,030.44"
20230330,"12,013.47","12,010.45","12,044.79","11,953.37"
20230329,"11,926.24","11,855.59","11,941.59","11,823.35"
20230328,"11,716.08","11,752.76","11,752.76","11,635.03"
20230327,"11,768.84","11,868.54","11,903.21","11,739.05"
20230324,"11,823.96","11,747.62","11,826.23","11,670.67"
20230323,"11,787.40","11,811.32","11,962.69","11,684.52"
20230322,"11,669.96","11,857.50","12,013.99","11,666.85"
20230321,"11,860.11","11,764.79","11,879.16","11,724.91"
20230320,"11,675.54","11,614.39","11,695.55","11,550.69"
20230317,"11,630.51","11,696.34","11,773.11","11,562.63"
20230316,"11,717.28","11,384.87","11,733.80","11,365.49"
20230315,"11,434.05","11,291.17","11,447.90","11,238.44"
20230314,"11,428.15","11,357.74","11,467.01","11,284.93"
20230313,"11,188.84","11,041.46","11,326.73","10,982.80"
20230310,"11,138.89","11,325.36","11,373.81","11,093.86"
20230309,"11,338.36","11,578.31","11,667.12","11,319.98"
20230308,"11,576.00","11,553.09","11,601.23","11,487.75"
20230307,"11,530.33","11,670.98","11,705.96","11,512.03"
20230306,"11,675.74","11,736.87","11,827.92","11,667.48"
20230303,"11,689.01","11,524.65","11,699.63","11,514.74"
20230302,"11,462.98","11,273.77","11,487.59","11,273.61"
20230301,"11,379.48","11,447.58","11,479.00","11,349.87"
20230228,"11,455.54","11,451.05","11,548.22","11,435.39"
20230227,"11,466.98","11,517.19","11,565.23","11,444.60"
20230224,"11,394.94","11,404.18","11,434.36","11,334.46"
20230223,"11,590.40","11,636.93","11,638.97","11,432.58"
20230222,"11,507.07","11,517.20","11,582.52","11,445.17"
20230221,"11,492.30","11,640.37","11,684.14","11,491.18"
20230217,"11,787.27","11,777.50","11,803.22","11,673.21"
20230216,"11,855.83","11,896.31","12,040.34","11,853.36"
20230215,"12,070.59","11,905.12","12,071.29","11,876.82"
20230214,"11,960.14","11,808.20","11,999.85","11,760.57"
20230213,"11,891.79","11,759.09","11,910.92","11,719.73"
20230210,"11,718.12","11,714.60","11,775.80","11,630.54"
20230209,"11,789.58","12,069.10","12,070.96","11,745.11"
20230208,"11,910.52","12,069.12","12,096.39","11,890.09"
20230207,"12,113.79","11,891.25","12,150.22","11,836.78"
20230206,"11,887.45","11,904.41","11,973.41","11,843.49"
20230203,"12,006.96","11,946.86","12,231.31","11,946.86"
20230202,"12,200.82","12,065.15","12,269.55","12,024.14"
20230201,"11,816.32","11,573.14","11,904.02","11,500.33"
20230131,"11,584.55","11,398.58","11,586.01","11,398.37"
20230130,"11,393.81","11,512.34","11,553.31","11,388.54"
20230127,"11,621.71","11,470.47","11,691.89","11,470.27"
20230126,"11,512.41","11,458.41","11,516.05","11,341.19"
20230125,"11,313.36","11,146.53","11,334.22","11,069.17"
20230124,"11,334.27","11,302.93","11,378.15","11,282.65"
20230123,"11,364.41","11,171.94","11,405.50","11,144.03"
20230120,"11,140.43","10,924.66","11,143.17","10,885.64"
20230119,"10,852.27","10,890.40","10,932.52","10,804.57"
20230118,"10,957.01","11,170.95","11,223.41","10,952.05"
20230117,"11,095.11","11,070.00","11,145.44","11,024.72"
20230113,"11,079.16","10,906.37","11,084.01","10,900.16"
20230112,"11,001.11","10,969.26","11,027.75","10,797.12"
20230111,"10,931.67","10,794.99","10,932.44","10,762.73"
20230110,"10,742.63","10,607.72","10,743.67","10,589.59"
20230109,"10,635.65","10,662.11","10,807.26","10,619.12"
20230106,"10,569.29","10,363.96","10,604.14","10,265.04"
20230105,"10,305.24","10,390.31","10,393.22","10,295.25"
20230104,"10,458.76","10,467.82","10,515.22","10,337.64"
20230103,"10,386.99","10,562.06","10,613.06","10,309.16"
20221230,"10,466.48","10,368.37","10,468.31","10,324.70"
20221229,"10,478.09","10,321.46","10,502.08","10,301.06"
20221228,"10,213.29","10,339.20","10,414.82","10,207.47"
20221227,"10,353.23","10,462.19","10,472.32","10,340.73"
20221223,"10,497.86","10,437.75","10,514.76","10,361.82"
20221222,"10,476.12","10,586.46","10,599.34","10,313.32"
20221221,"10,709.37","10,592.00","10,753.57","10,569.20"
20221220,"10,547.11","10,490.89","10,609.46","10,446.82"
20221219,"10,546.03","10,707.44","10,713.97","10,497.55"
20221216,"10,705.41","10,767.63","10,833.24","10,642.10"
20221215,"10,810.53","11,012.62","11,029.57","10,775.61"
20221214,"11,170.89","11,248.09","11,352.09","11,065.24"
20221213,"11,256.81","11,542.84","11,571.64","11,160.54"
20221212,"11,143.74","11,015.48","11,144.67","10,984.82"
20221209,"11,004.62","11,038.17","11,138.70","10,999.26"
20221208,"11,082.00","11,011.33","11,119.16","10,939.47"
20221207,"10,958.55","10,963.95","11,039.81","10,910.62"
20221206,"11,014.89","11,228.42","11,241.42","10,956.20"
20221205,"11,239.94","11,380.99","11,425.51","11,193.03"
20221202,"11,461.50","11,308.38","11,492.32","11,296.72"
20221201,"11,482.45","11,475.17","11,546.77","11,378.75"
20221130,"11,468.00","10,995.20","11,468.47","10,966.53"
20221129,"10,983.78","11,060.02","11,086.02","10,944.37"
20221128,"11,049.50","11,147.57","11,217.75","11,020.69"
20221125,"11,226.36","11,231.00","11,261.57","11,206.38"
20221123,"11,285.32","11,174.61","11,310.82","11,174.61"
20221122,"11,174.41","11,058.56","11,179.87","10,975.66"
20221121,"11,024.51","11,091.01","11,128.78","10,999.75"
20221118,"11,146.06","11,257.01","11,259.44","11,059.16"
20221117,"11,144.96","11,008.67","11,198.84","11,006.21"
20221116,"11,183.66","11,260.09","11,286.10","11,162.92"
20221115,"11,358.41","11,474.82","11,492.62","11,241.15"
20221114,"11,196.22","11,233.90","11,350.13","11,167.17"
20221111,"11,323.33","11,124.75","11,352.43","11,069.83"
20221110,"11,114.15","10,869.17","11,119.12","10,779.95"
20221109,"10,353.17","10,528.45","10,564.97","10,344.01"
20221108,"10,616.20","10,611.53","10,745.64","10,472.73"
20221107,"10,564.52","10,516.94","10,587.96","10,428.91"
20221104,"10,475.25","10,548.14","10,553.63","10,262.93"
20221103,"10,342.94","10,399.45","10,486.01","10,319.54"
20221102,"10,524.80","10,885.01","10,993.24","10,522.90"
20221101,"10,890.84","11,154.74","11,156.35","10,881.19"
20221031,"10,988.15","11,028.43","11,047.94","10,914.00"
20221028,"11,102.45","10,766.20","11,117.04","10,766.20"
20221027,"10,792.67","10,971.95","10,998.73","10,780.50"
20221026,"10,970.99","10,969.02","11,205.84","10,948.38"
20221025,"11,199.12","10,996.97","11,210.38","10,996.97"
20221024,"10,952.61","10,867.07","10,983.52","10,713.33"
20221021,"10,859.72","10,576.04","10,875.72","10,542.43"
20221020,"10,614.84","10,657.41","10,837.30","10,574.55"
20221019,"10,680.51","10,689.31","10,808.04","10,592.88"
20221018,"10,772.40","10,963.99","10,972.97","10,670.12"
20221017,"10,675.80","10,575.65","10,696.59","10,569.69"
20221014,"10,321.39","10,742.81","10,766.68","10,308.81"
20221013,"10,649.15","10,131.82","10,697.71","10,088.83"
20221012,"10,417.10","10,437.00","10,494.53","10,372.21"
20221011,"10,426.19","10,484.37","10,608.84","10,351.98"
20221010,"10,542.10","10,659.95","10,669.93","10,449.04"
20221007,"10,652.41","10,877.28","10,891.93","10,608.52"
20221006,"11,073.31","11,129.04","11,230.44","11,051.27"
20221005,"11,148.64","11,022.67","11,210.32","10,910.76"
20221004,"11,176.41","11,054.72","11,189.96","11,044.04"
20221003,"10,815.43","10,659.01","10,875.46","10,577.89"
20220930,"10,575.62","10,697.71","10,883.04","10,572.33"
20220929,"10,737.51","10,894.44","10,899.47","10,623.22"
20220928,"11,051.64","10,817.53","11,101.50","10,776.34"
20220927,"10,829.50","10,955.29","11,040.99","10,741.02"
20220926,"10,802.92","10,833.38","11,024.00","10,789.05"
20220923,"10,867.93","10,952.69","10,958.29","10,732.72"
20220922,"11,066.80","11,167.38","11,203.77","11,024.64"
20220921,"11,220.19","11,466.21","11,613.57","11,219.00"
20220920,"11,425.05","11,440.14","11,520.99","11,343.72"
20220919,"11,535.02","11,338.57","11,538.13","11,337.83"
20220916,"11,448.40","11,401.21","11,460.43","11,316.92"
20220915,"11,552.36","11,633.24","11,760.73","11,497.11"
20220914,"11,719.68","11,680.41","11,746.83","11,602.76"
20220913,"11,633.57","11,908.81","11,957.97","11,604.43"
20220912,"12,266.41","12,174.94","12,270.19","12,169.28"
20220909,"12,112.31","11,958.61","12,132.67","11,958.61"
20220908,"11,862.13","11,679.86","11,896.73","11,660.53"
20220907,"11,791.90","11,559.38","11,819.07","11,555.08"
20220906,"11,544.91","11,643.03","11,679.43","11,471.50"
20220902,"11,630.86","11,899.14","11,945.91","11,573.51"
20220901,"11,785.13","11,707.44","11,798.37","11,546.52"
20220831,"11,816.20","11,972.56","12,027.43","11,814.17"
20220830,"11,883.14","12,093.06","12,101.85","11,790.03"
20220829,"12,017.67","12,021.05","12,124.87","11,981.42"
20220826,"12,141.71","12,630.58","12,655.84","12,141.52"
20220825,"12,639.26","12,506.37","12,641.26","12,471.98"
20220824,"12,431.53","12,375.15","12,504.33","12,350.16"
20220823,"12,381.30","12,380.37","12,490.86","12,352.03"
20220822,"12,381.57","12,523.16","12,538.55","12,353.73"
20220819,"12,705.21","12,832.27","12,859.01","12,674.87"
20220818,"12,965.34","12,937.79","13,002.66","12,873.49"
20220817,"12,938.12","12,968.63","13,053.51","12,863.01"
20220816,"13,102.55","13,082.64","13,181.09","12,979.24"
20220815,"13,128.05","12,996.63","13,146.06","12,993.78"
20220812,"13,047.19","12,866.31","13,047.19","12,821.22"
20220811,"12,779.91","12,944.82","13,026.24","12,760.09"
20220810,"12,854.80","12,793.44","12,861.44","12,698.61"
20220809,"12,493.93","12,557.49","12,582.91","12,438.86"
20220808,"12,644.46","12,703.72","12,855.16","12,597.75"
20220805,"12,657.55","12,538.80","12,720.44","12,525.77"
20220804,"12,720.58","12,675.04","12,736.19","12,600.78"
20220803,"12,668.16","12,433.87","12,699.64","12,425.21"
20220802,"12,348.76","12,287.67","12,503.34","12,260.48"
20220801,"12,368.98","12,317.96","12,499.72","12,271.98"
20220729,"12,390.69","12,239.69","12,426.26","12,181.13"
20220728,"12,162.59","12,036.48","12,179.09","11,886.67"
20220727,"12,032.42","11,756.19","12,081.73","11,718.38"
20220726,"11,562.58","11,701.53","11,711.31","11,533.37"
20220725,"11,782.67","11,837.96","11,855.11","11,707.53"
20220722,"11,834.11","12,025.37","12,093.02","11,767.19"
20220721,"12,059.61","11,914.15","12,060.59","11,812.72"
20220720,"11,897.65","11,726.09","11,939.96","11,703.36"
20220719,"11,713.15","11,515.00","11,721.22","11,448.97"
20220718,"11,360.05","11,561.64","11,629.03","11,322.84"
20220715,"11,452.42","11,379.36","11,454.69","11,295.33"
20220714,"11,251.18","11,151.21","11,279.97","11,005.93"
20220713,"11,247.58","11,056.55","11,325.67","11,031.27"
20220712,"11,264.73","11,420.89","11,483.17","11,207.08"
20220711,"11,372.60","11,524.49","11,541.10","11,348.06"
20220708,"11,635.31","11,503.61","11,689.70","11,479.77"
20220707,"11,621.35","11,422.60","11,644.47","11,412.88"
20220706,"11,361.85","11,337.90","11,443.15","11,250.32"
20220705,"11,322.24","10,964.18","11,323.90","10,911.45"
20220701,"11,127.84","11,006.83","11,132.55","10,922.71"
20220630,"11,028.74","11,048.25","11,160.92","10,850.01"
20220629,"11,177.89","11,160.22","11,226.33","11,072.19"
20220628,"11,181.54","11,542.24","11,635.85","11,177.68"
20220627,"11,524.55","11,661.02","11,677.49","11,487.07"
20220624,"11,607.62","11,351.31","11,613.23","11,337.78"
20220623,"11,232.19","11,137.68","11,260.27","11,046.28"
20220622,"11,053.08","10,941.95","11,216.77","10,938.06"
20220621,"11,069.30","10,974.05","11,164.99","10,974.05"
20220617,"10,798.35","10,697.55","10,884.71","10,638.72"
20220616,"10,646.10","10,806.02","10,831.07","10,565.14"
20220615,"11,099.16","10,968.40","11,244.26","10,866.39"
20220614,"10,828.34","10,897.43","10,926.81","10,733.04"
20220613,"10,809.23","10,986.84","11,071.48","10,775.14"
20220610,"11,340.02","11,543.88","11,569.15","11,328.27"
20220609,"11,754.23","12,016.47","12,115.07","11,751.98"
20220608,"12,086.27","12,147.28","12,235.78","12,052.70"
20220607,"12,175.23","11,925.81","12,194.86","11,888.61"
20220606,"12,061.37","12,200.33","12,245.40","12,004.20"
20220603,"12,012.73","12,097.12","12,167.44","11,966.62"
20220602,"12,316.90","11,945.57","12,320.12","11,901.45"
20220601,"11,994.46","12,176.89","12,237.93","11,901.43"
20220531,"12,081.39","12,137.54","12,190.08","11,942.50"
20220527,"12,131.13","11,869.69","12,131.66","11,856.82"
20220526,"11,740.65","11,409.84","11,796.97","11,406.16"
20220525,"11,434.74","11,225.03","11,511.90","11,211.85"
20220524,"11,264.45","11,326.44","11,351.61","11,092.48"
20220523,"11,535.27","11,396.28","11,552.07","11,304.56"
20220520,"11,354.62","11,542.67","11,552.21","11,035.69"
20220519,"11,388.50","11,364.40","11,562.82","11,313.31"
20220518,"11,418.15","11,790.68","11,826.22","11,381.69"
20220517,"11,984.52","11,905.57","11,988.43","11,754.28"
20220516,"11,662.79","11,727.14","11,804.59","11,627.53"
20220513,"11,805.00","11,555.98","11,856.71","11,510.25"
20220512,"11,370.96","11,199.25","11,547.33","11,108.76"
20220511,"11,364.24","11,645.57","11,844.50","11,339.18"
20220510,"11,737.67","11,900.34","11,944.94","11,566.28"
20220509,"11,623.25","11,923.03","11,990.61","11,574.94"
20220506,"12,144.66","12,246.83","12,358.42","11,990.15"
20220505,"12,317.69","12,787.52","12,787.52","12,183.56"
20220504,"12,964.86","12,574.73","12,985.01","12,367.02"
20220503,"12,563.76","12,511.46","12,645.83","12,460.99"
20220502,"12,536.02","12,331.69","12,542.54","12,202.41"
20220429,"12,334.64","12,710.42","12,861.83","12,315.74"
20220428,"12,871.53","12,712.86","12,948.52","12,487.86"
20220427,"12,488.93","12,500.88","12,703.79","12,430.90"
20220426,"12,490.74","12,918.04","12,918.04","12,490.74"
20220425,"13,004.85","12,749.17","13,011.45","12,722.59"
20220422,"12,839.29","13,168.80","13,212.60","12,828.02"
20220421,"13,174.65","13,623.70","13,710.69","13,140.83"
20220420,"13,453.07","13,665.38","13,678.55","13,426.12"
20220419,"13,619.66","13,312.44","13,643.97","13,281.22"
20220418,"13,332.36","13,319.39","13,414.27","13,222.03"
20220414,"13,351.08","13,647.42","13,662.93","13,345.22"
20220413,"13,643.59","13,373.12","13,679.43","13,353.66"
20220412,"13,371.57","13,584.69","13,685.95","13,317.74"
20220411,"13,411.96","13,547.29","13,585.08","13,401.39"
20220408,"13,711.00","13,830.47","13,866.06","13,693.69"
20220407,"13,897.30","13,861.49","13,978.25","13,689.23"
20220406,"13,888.82","14,002.58","14,032.84","13,788.90"
20220405,"14,204.17","14,490.26","14,500.29","14,169.12"
20220404,"14,532.55","14,304.35","14,534.38","14,286.45"
20220401,"14,261.50","14,269.53","14,306.94","14,131.81"
20220331,"14,220.52","14,444.78","14,456.74","14,217.73"
20220330,"14,442.27","14,558.59","14,609.25","14,383.45"
20220329,"14,619.64","14,500.39","14,646.90","14,419.40"
20220328,"14,354.90","14,177.21","14,356.00","14,101.34"
20220325,"14,169.30","14,194.72","14,218.76","14,010.79"
20220324,"14,191.84","14,001.32","14,193.55","13,897.20"
20220323,"13,922.60","13,990.35","14,152.14","13,921.65"
20220322,"14,108.82","13,866.43","14,141.07","13,857.29"
20220321,"13,838.46","13,860.39","13,945.81","13,682.55"
20220318,"13,893.84","13,564.63","13,899.28","13,528.06"
20220317,"13,614.78","13,360.72","13,620.80","13,317.14"
20220316,"13,436.55","13,119.36","13,440.12","12,992.20"
20220315,"12,948.62","12,685.23","12,973.88","12,616.59"
20220314,"12,581.22","12,795.12","12,918.01","12,555.35"
20220311,"12,843.81","13,229.77","13,239.35","12,830.37"
20220310,"13,129.96","13,098.35","13,163.50","12,946.28"
20220309,"13,255.55","13,113.70","13,301.16","13,039.79"
20220308,"12,795.55","12,800.04","13,159.44","12,670.08"
20220307,"12,830.96","13,328.36","13,353.28","12,828.02"
20220304,"13,313.44","13,455.23","13,486.71","13,224.98"
20220303,"13,537.94","13,837.59","13,837.59","13,472.64"
20220302,"13,752.02","13,597.53","13,796.55","13,493.91"
20220301,"13,532.46","13,716.70","13,777.04","13,441.32"
20220228,"13,751.40","13,570.83","13,810.64","13,549.90"
20220225,"13,694.62","13,485.26","13,696.86","13,358.29"
20220224,"13,473.58","12,587.88","13,486.11","12,587.88"
20220223,"13,037.49","13,511.75","13,533.78","13,032.17"
20220222,"13,381.52","13,424.36","13,618.72","13,249.65"
20220218,"13,548.07","13,735.40","13,762.40","13,465.56"
20220217,"13,716.72","14,004.19","14,020.82","13,704.70"
20220216,"14,124.09","14,038.92","14,163.73","13,931.99"
20220215,"14,139.76","13,997.18","14,142.49","13,976.29"
20220214,"13,790.92","13,768.97","13,921.71","13,664.76"
20220211,"13,791.15","14,213.62","14,246.70","13,733.16"
20220210,"14,185.64","14,228.68","14,509.56","14,118.20"
20220209,"14,490.37","14,368.16","14,490.72","14,330.87"
20220208,"14,194.45","13,984.43","14,226.48","13,934.78"
20220207,"14,015.67","14,118.79","14,236.31","13,974.10"
20220204,"14,098.01","13,958.48","14,222.76","13,850.39"
20220203,"13,878.82","14,045.83","14,207.89","13,851.75"
20220202,"14,417.55","14,494.47","14,504.82","14,264.65"
20220201,"14,346.00","14,277.43","14,358.69","14,070.77"
20220131,"14,239.88","13,812.19","14,242.90","13,767.71"
20220128,"13,770.57","13,436.71","13,771.91","13,236.56"
20220127,"13,352.78","13,710.99","13,765.91","13,322.66"
20220126,"13,542.12","13,871.77","14,002.65","13,392.19"
20220125,"13,539.30","13,610.87","13,781.62","13,414.14"
20220124,"13,855.13","13,481.50","13,876.61","13,094.65"
20220121,"13,768.92","14,046.22","14,171.72","13,764.24"
20220120,"14,154.02","14,462.85","14,642.03","14,140.78"
20220119,"14,340.25","14,582.22","14,658.89","14,331.65"
20220118,"14,506.90","14,681.83","14,740.54","14,482.94"
20220114,"14,893.75","14,708.02","14,897.67","14,689.43"
20220113,"14,806.81","15,245.04","15,259.71","14,782.24"
20220112,"15,188.39","15,263.10","15,319.03","15,117.29"
20220111,"15,153.45","14,919.26","15,158.71","14,837.64"
20220110,"14,942.83","14,751.78","14,953.85","14,530.23"
20220107,"14,935.90","15,095.72","15,171.02","14,877.63"
20220106,"15,080.86","15,024.15","15,198.45","14,914.87"
20220105,"15,100.17","15,547.16","15,586.30","15,095.18"
20220104,"15,622.72","15,852.14","15,852.14","15,512.41"
20220103,"15,832.80","15,732.50","15,832.80","15,644.09"
20211231,"15,644.97","15,722.91","15,777.43","15,643.93"
20211230,"15,741.56","15,758.98","15,868.09","15,729.16"
20211229,"15,766.22","15,794.92","15,821.81","15,679.85"
20211228,"15,781.72","15,895.20","15,901.47","15,757.07"
20211227,"15,871.26","15,696.83","15,871.40","15,696.83"
20211223,"15,653.37","15,544.79","15,697.98","15,528.91"
20211222,"15,521.89","15,319.16","15,525.97","15,303.06"
20211221,"15,341.09","15,140.43","15,349.06","15,015.02"
20211220,"14,980.94","14,933.00","15,007.30","14,860.04"
20211217,"15,169.68","15,036.77","15,288.78","14,960.37"
20211216,"15,180.43","15,629.08","15,633.19","15,119.49"
20211215,"15,565.58","15,230.71","15,575.76","15,055.23"
20211214,"15,237.64","15,215.96","15,317.55","15,097.35"
20211213,"15,413.28","15,621.27","15,637.06","15,408.25"
20211210,"15,630.60","15,629.59","15,677.60","15,477.85"
20211209,"15,517.37","15,720.54","15,796.05","15,511.12"
20211208,"15,786.99","15,690.65","15,792.64","15,618.88"
20211207,"15,686.92","15,510.91","15,720.09","15,507.66"
20211206,"15,225.15","15,117.63","15,281.99","14,931.61"
20211203,"15,085.47","15,428.71","15,470.36","14,931.06"
20211202,"15,381.32","15,181.82","15,444.54","15,150.12"
20211201,"15,254.05","15,752.27","15,816.82","15,243.93"
20211130,"15,537.69","15,716.50","15,828.20","15,451.39"
20211129,"15,782.83","15,719.42","15,833.11","15,644.61"
20211126,"15,491.66","15,664.38","15,731.54","15,456.09"
20211124,"15,845.23","15,677.88","15,848.56","15,591.36"
20211123,"15,775.14","15,809.50","15,895.86","15,601.46"
20211122,"15,854.76","16,120.92","16,212.23","15,851.04"
20211119,"16,057.44","16,042.16","16,121.12","16,017.23"
20211118,"15,993.71","15,973.40","16,010.88","15,848.83"
20211117,"15,921.57","15,973.61","15,998.57","15,909.39"
20211116,"15,973.85","15,840.32","15,989.61","15,825.00"
20211115,"15,853.85","15,894.82","15,918.45","15,778.31"
20211112,"15,860.96","15,752.62","15,874.58","15,705.38"
20211111,"15,704.28","15,752.08","15,768.03","15,695.77"
20211110,"15,622.70","15,753.84","15,867.24","15,543.68"
20211109,"15,886.54","16,024.13","16,035.21","15,836.68"
20211108,"15,982.36","15,995.72","16,038.23","15,961.81"
20211105,"15,971.59","16,003.56","16,053.39","15,900.78"
20211104,"15,940.31","15,849.74","15,966.09","15,827.66"
20211103,"15,811.58","15,658.52","15,821.58","15,616.44"
20211102,"15,649.60","15,583.99","15,656.60","15,569.27"
20211101,"15,595.92","15,541.26","15,598.95","15,470.82"
20211029,"15,498.39","15,323.29","15,504.12","15,323.29"
20211028,"15,448.12","15,304.74","15,452.30","15,290.31"
20211027,"15,235.84","15,276.00","15,364.54","15,235.84"
20211026,"15,235.72","15,317.50","15,384.00","15,198.23"
20211025,"15,226.71","15,142.92","15,259.63","15,070.75"
20211022,"15,090.20","15,158.07","15,193.01","15,021.02"
20211021,"15,215.70","15,104.80","15,222.25","15,094.14"
20211020,"15,121.68","15,160.00","15,178.39","15,071.15"
20211019,"15,129.09","15,073.13","15,137.85","15,049.73"
20211018,"15,021.81","14,839.74","15,026.68","14,833.28"
20211015,"14,897.34","14,891.24","14,904.98","14,847.97"
20211014,"14,823.43","14,717.50","14,827.56","14,699.52"
20211013,"14,571.64","14,537.17","14,589.28","14,471.88"
20211012,"14,465.92","14,539.09","14,552.71","14,441.60"
20211011,"14,486.20","14,540.08","14,665.99","14,482.61"
20211008,"14,579.54","14,694.72","14,699.91","14,569.68"
20211007,"14,654.02","14,631.80","14,755.72","14,615.14"
20211006,"14,501.91","14,289.45","14,509.55","14,259.07"
20211005,"14,433.83","14,312.86","14,508.65","14,299.78"
20211004,"14,255.49","14,493.12","14,499.74","14,181.69"
20211001,"14,566.70","14,494.93","14,606.82","14,324.01"
20210930,"14,448.58","14,582.60","14,632.36","14,444.30"
20210929,"14,512.44","14,614.88","14,676.62","14,493.67"
20210928,"14,546.68","14,787.21","14,817.74","14,539.88"
20210927,"14,969.97","14,954.17","15,003.16","14,864.96"
20210924,"15,047.70","14,961.61","15,067.56","14,946.57"
20210923,"15,052.24","14,960.00","15,085.44","14,932.51"
20210922,"14,896.85","14,800.59","14,950.12","14,767.01"
20210921,"14,746.40","14,803.36","14,847.03","14,696.47"
20210920,"14,713.90","14,758.14","14,841.82","14,530.07"
20210917,"15,043.97","15,163.35","15,166.56","14,998.73"
20210916,"15,181.92","15,120.09","15,205.50","15,047.14"
20210915,"15,161.53","15,071.34","15,174.38","14,984.68"
20210914,"15,037.76","15,168.45","15,181.19","15,008.30"
20210913,"15,105.58","15,211.43","15,215.44","15,030.85"
20210910,"15,115.49","15,332.92","15,349.47","15,111.31"
20210909,"15,248.25","15,296.06","15,352.38","15,245.17"
20210908,"15,286.64","15,360.35","15,360.35","15,206.61"
20210907,"15,374.33","15,375.98","15,403.44","15,343.28"
20210903,"15,363.52","15,313.42","15,375.56","15,283.67"
20210902,"15,331.18","15,358.47","15,380.07","15,285.35"
20210901,"15,309.38","15,308.98","15,379.50","15,302.11"
20210831,"15,259.24","15,262.88","15,278.96","15,202.67"
20210830,"15,265.89","15,165.94","15,288.08","15,165.12"
20210827,"15,129.50","14,969.76","15,144.48","14,966.52"
20210826,"14,945.81","15,025.17","15,059.63","14,939.56"
20210825,"15,041.86","15,039.03","15,059.43","15,011.58"
20210824,"15,019.80","14,978.14","15,034.89","14,965.54"
20210823,"14,942.65","14,776.98","14,963.47","14,776.98"
20210820,"14,714.66","14,571.53","14,722.16","14,571.53"
20210819,"14,541.79","14,423.16","14,610.76","14,423.16"
20210818,"14,525.91","14,636.24","14,697.25","14,516.30"
20210817,"14,656.18","14,670.56","14,716.95","14,550.88"
20210816,"14,793.76","14,771.53","14,794.68","14,610.02"
20210813,"14,822.90","14,825.07","14,850.61","14,797.22"
20210812,"14,816.26","14,751.36","14,824.31","14,698.94"
20210811,"14,765.14","14,834.38","14,842.50","14,692.41"
20210810,"14,788.09","14,887.75","14,894.61","14,754.48"
20210809,"14,860.18","14,855.75","14,883.81","14,802.69"
20210806,"14,835.76","14,864.22","14,890.18","14,788.59"
20210805,"14,895.12","14,794.08","14,896.48","14,776.03"
20210804,"14,780.53","14,747.21","14,812.37","14,734.12"
20210803,"14,761.30","14,714.00","14,762.60","14,584.09"
20210802,"14,681.07","14,758.60","14,770.41","14,665.67"
20210730,"14,672.68","14,615.85","14,728.78","14,615.85"
20210729,"14,778.26","14,771.17","14,833.74","14,761.38"
20210728,"14,762.58","14,715.66","14,798.88","14,645.63"
20210727,"14,660.58","14,807.95","14,811.08","14,503.76"
20210726,"14,840.71","14,821.03","14,863.65","14,790.49"
20210723,"14,836.99","14,753.06","14,846.06","14,698.77"
20210722,"14,684.60","14,652.72","14,694.19","14,617.87"
20210721,"14,631.95","14,508.75","14,633.15","14,498.65"
20210720,"14,498.88","14,330.46","14,555.75","14,271.23"
20210719,"14,274.98","14,235.98","14,313.60","14,178.66"
20210716,"14,427.24","14,597.51","14,623.02","14,413.32"
20210715,"14,543.13","14,635.78","14,650.38","14,451.80"
20210714,"14,644.95","14,780.90","14,790.55","14,632.95"
20210713,"14,677.65","14,715.13","14,803.68","14,660.19"
20210712,"14,733.24","14,743.86","14,761.08","14,672.63"
20210709,"14,701.92","14,578.43","14,710.20","14,552.26"
20210708,"14,559.78","14,409.20","14,610.06","14,371.59"
20210707,"14,665.06","14,753.42","14,755.33","14,580.79"
20210706,"14,663.64","14,661.55","14,687.00","14,529.80"
20210702,"14,639.33","14,582.98","14,649.11","14,555.33"
20210701,"14,522.38","14,493.69","14,533.55","14,439.40"
20210630,"14,503.95","14,509.85","14,526.81","14,478.06"
20210629,"14,528.33","14,509.19","14,535.97","14,471.38"
20210628,"14,500.51","14,417.81","14,505.19","14,417.20"
20210625,"14,360.39","14,400.81","14,409.08","14,337.65"
20210624,"14,369.71","14,357.26","14,414.46","14,333.70"
20210623,"14,271.73","14,263.38","14,317.66","14,246.30"
20210622,"14,253.27","14,138.29","14,269.77","14,121.00"
20210621,"14,141.48","14,047.42","14,150.78","13,960.04"
20210618,"14,030.38","14,096.93","14,129.22","14,009.03"
20210617,"14,161.35","13,999.13","14,196.21","13,998.93"
20210616,"14,039.68","14,085.55","14,129.69","13,903.73"
20210615,"14,072.86","14,166.64","14,171.02","14,052.16"
20210614,"14,174.14","14,083.47","14,175.45","14,056.67"
20210611,"14,069.42","14,030.85","14,069.42","14,006.59"
20210610,"14,020.33","13,933.88","14,031.19","13,904.40"
20210609,"13,911.75","13,980.23","14,003.50","13,906.45"
20210608,"13,924.91","13,946.32","13,981.72","13,831.98"
20210607,"13,881.72","13,802.82","13,889.11","13,784.89"
20210604,"13,814.49","13,697.25","13,826.82","13,692.01"
20210603,"13,614.51","13,655.75","13,684.13","13,548.93"
20210602,"13,756.33","13,743.24","13,775.89","13,689.74"
20210601,"13,736.48","13,829.06","13,836.17","13,678.76"
20210528,"13,748.74","13,792.05","13,820.87","13,747.61"
20210527,"13,736.28","13,742.58","13,776.52","13,701.62"
20210526,"13,738.00","13,693.94","13,750.16","13,679.59"
20210525,"13,657.17","13,721.54","13,751.14","13,631.80"
20210524,"13,661.17","13,557.21","13,708.85","13,551.01"
20210521,"13,470.99","13,616.19","13,616.58","13,463.26"
20210520,"13,535.74","13,356.63","13,563.52","13,355.71"
20210519,"13,299.74","13,078.19","13,304.61","13,072.23"
20210518,"13,303.64","13,416.90","13,485.34","13,299.92"
20210517,"13,379.05","13,368.80","13,399.17","13,265.40"
20210514,"13,429.98","13,255.65","13,460.88","13,242.97"
20210513,"13,124.99","13,150.94","13,247.87","13,007.24"
20210512,"13,031.68","13,215.49","13,288.61","13,002.53"
20210511,"13,389.43","13,115.85","13,423.31","13,107.67"
20210510,"13,401.86","13,687.59","13,687.93","13,401.75"
20210507,"13,752.24","13,723.09","13,828.62","13,690.75"
20210506,"13,632.84","13,557.83","13,635.74","13,439.39"
20210505,"13,582.42","13,731.13","13,753.05","13,553.93"
20210504,"13,633.50","13,774.51","13,795.57","13,485.59"
20210503,"13,895.12","14,031.77","14,042.12","13,881.51"
20210430,"13,962.68","13,970.73","14,084.76","13,941.63"
20210429,"14,082.55","14,204.51","14,211.57","13,952.80"
20210428,"14,051.03","14,082.78","14,133.65","14,034.70"
20210427,"14,090.22","14,170.91","14,171.24","14,064.28"
20210426,"14,138.78","14,052.38","14,154.03","14,019.50"
20210423,"14,016.81","13,861.37","14,062.74","13,856.83"
20210422,"13,818.41","13,952.57","14,015.87","13,771.04"
20210421,"13,950.22","13,745.77","13,951.35","13,706.86"
20210420,"13,786.27","13,894.46","13,927.67","13,698.67"
20210419,"13,914.77","13,984.58","14,041.79","13,842.57"
20210416,"14,052.34","14,059.11","14,062.50","13,977.05"
20210415,"14,038.76","13,983.23","14,049.13","13,970.42"
20210414,"13,857.84","14,004.08","14,033.63","13,839.04"
20210413,"13,996.10","13,902.45","14,011.51","13,902.45"
20210412,"13,850.00","13,854.44","13,877.00","13,783.95"
20210409,"13,900.19","13,787.01","13,905.41","13,748.35"
20210408,"13,829.31","13,796.89","13,830.14","13,758.71"
20210407,"13,688.84","13,675.30","13,733.03","13,653.58"
20210406,"13,698.38","13,681.67","13,776.71","13,674.28"
20210405,"13,705.59","13,594.90","13,720.58","13,582.75"
20210401,"13,480.11","13,414.33","13,487.08","13,404.18"
20210331,"13,246.87","13,122.57","13,325.54","13,118.38"
20210330,"13,045.39","13,008.80","13,075.75","12,922.57"
20210329,"13,059.65","13,103.97","13,143.41","12,968.16"
20210326,"13,138.72","12,996.03","13,149.55","12,878.72"
20210325,"12,977.68","12,844.58","13,021.86","12,786.81"
20210324,"12,961.89","13,289.24","13,292.92","12,961.35"
20210323,"13,227.70","13,381.43","13,405.15","13,202.43"
20210322,"13,377.54","13,278.78","13,455.64","13,278.78"
20210319,"13,215.24","13,119.90","13,252.37","13,039.45"
20210318,"13,116.17","13,349.20","13,384.46","13,101.92"
20210317,"13,525.20","13,336.92","13,595.00","13,272.69"
20210316,"13,471.57","13,523.17","13,620.71","13,397.08"
20210315,"13,459.71","13,323.47","13,460.35","13,272.50"
20210312,"13,319.86","13,222.81","13,324.69","13,158.72"
20210311,"13,398.67","13,273.31","13,433.62","13,246.33"
20210310,"13,068.83","13,234.73","13,277.10","13,035.44"
20210309,"13,073.82","12,923.07","13,151.54","12,882.49"
20210308,"12,609.16","12,904.26","13,001.00","12,599.23"
20210305,"12,920.15","12,860.04","12,941.21","12,397.05"
20210304,"12,723.47","12,953.99","13,068.71","12,553.96"
20210303,"12,997.75","13,336.25","13,372.52","12,995.07"
20210302,"13,358.79","13,599.45","13,601.33","13,352.00"
20210301,"13,588.83","13,406.16","13,596.59","13,362.66"
20210226,"13,192.35","13,232.90","13,368.06","13,024.53"
20210225,"13,119.43","13,512.64","13,602.86","13,066.38"
20210224,"13,597.97","13,400.25","13,607.36","13,286.59"
20210223,"13,465.20","13,262.61","13,526.09","13,003.98"
20210222,"13,533.05","13,714.20","13,757.06","13,530.96"
20210219,"13,874.47","13,929.20","13,985.58","13,842.60"
20210218,"13,865.36","13,814.67","13,905.96","13,714.35"
20210217,"13,965.50","13,911.65","13,976.43","13,804.26"
20210216,"14,047.50","14,152.22","14,175.11","13,995.45"
20210212,"14,095.47","13,979.21","14,102.04","13,937.71"
20210211,"14,025.77","14,045.21","14,058.91","13,916.84"
20210210,"13,972.53","14,093.35","14,109.12","13,845.47"
20210209,"14,007.70","13,966.82","14,044.95","13,966.55"
20210208,"13,987.64","13,937.06","13,987.74","13,894.15"
20210205,"13,856.30","13,824.88","13,878.16","13,761.66"
20210204,"13,777.74","13,674.06","13,778.42","13,631.62"
20210203,"13,610.54","13,718.31","13,723.83","13,585.34"
20210202,"13,612.78","13,543.10","13,652.69","13,535.86"
20210201,"13,403.39","13,226.18","13,431.46","13,132.47"
20210129,"13,070.69","13,284.72","13,322.00","12,985.05"
20210128,"13,337.16","13,323.29","13,507.64","13,316.52"
20210127,"13,270.60","13,486.58","13,538.42","13,192.91"
20210126,"13,626.07","13,681.72","13,702.69","13,603.19"
20210125,"13,635.99","13,681.21","13,728.98","13,368.68"
20210122,"13,543.06","13,474.81","13,567.14","13,463.66"
20210121,"13,530.92","13,521.48","13,560.35","13,454.08"
20210120,"13,457.25","13,342.55","13,486.13","13,329.77"
20210119,"13,197.18","13,132.73","13,206.86","13,078.70"
20210115,"12,998.50","13,099.90","13,139.83","12,949.76"
20210114,"13,112.64","13,174.75","13,220.16","13,098.41"
20210113,"13,128.95","13,088.01","13,171.15","13,051.07"
20210112,"13,072.43","13,062.06","13,105.04","12,963.92"
20210111,"13,036.43","13,048.78","13,138.27","12,999.51"
20210108,"13,201.98","13,160.22","13,208.09","13,036.55"
20210107,"13,067.48","12,867.34","13,090.91","12,867.34"
20210106,"12,740.79","12,666.15","12,909.63","12,649.99"
20210105,"12,818.96","12,665.65","12,828.27","12,665.65"
20210104,"12,698.45","12,958.52","12,958.73","12,543.24"
20201231,"12,888.28","12,877.09","12,902.07","12,821.23"
20201230,"12,870.00","12,906.51","12,924.93","12,857.76"
20201229,"12,850.22","12,965.39","12,973.33","12,821.96"
20201228,"12,899.42","12,914.64","12,930.89","12,827.44"
20201224,"12,804.73","12,791.54","12,833.55","12,767.64"
20201223,"12,771.11","12,834.94","12,841.92","12,758.67"
20201222,"12,807.92","12,785.22","12,840.57","12,695.31"
20201221,"12,742.52","12,596.14","12,751.27","12,525.22"
20201218,"12,755.64","12,804.93","12,809.60","12,654.60"
20201217,"12,764.75","12,730.78","12,765.25","12,696.35"
20201216,"12,658.19","12,611.03","12,687.32","12,566.38"
20201215,"12,595.06","12,543.26","12,596.13","12,465.42"
20201214,"12,440.04","12,447.44","12,543.00","12,432.71"
20201211,"12,377.87","12,336.79","12,383.50","12,246.77"
20201210,"12,405.81","12,247.55","12,431.56","12,214.74"
20201209,"12,338.95","12,591.68","12,607.14","12,290.78"
20201208,"12,582.77","12,503.17","12,594.54","12,453.21"
20201207,"12,519.95","12,461.00","12,536.23","12,460.55"
20201204,"12,464.23","12,399.32","12,464.23","12,376.44"
20201203,"12,377.18","12,369.26","12,439.02","12,356.99"
20201202,"12,349.37","12,285.75","12,360.06","12,217.35"
20201201,"12,355.11","12,313.36","12,405.79","12,263.93"
20201130,"12,198.74","12,224.25","12,244.65","12,027.16"
20201127,"12,205.85","12,159.18","12,236.23","12,154.57"
20201125,"12,094.40","12,053.89","12,114.77","12,020.95"
20201124,"12,037.33","11,939.33","12,049.88","11,863.45"
20201123,"11,880.63","11,916.76","11,949.33","11,796.53"
20201120,"11,854.97","11,892.70","11,935.47","11,852.51"
20201119,"11,904.71","11,779.03","11,912.64","11,760.98"
20201118,"11,801.60","11,896.06","11,942.49","11,799.96"
20201117,"11,899.34","11,913.35","11,950.18","11,852.41"
20201116,"11,924.13","11,847.11","11,937.72","11,814.89"
20201113,"11,829.29","11,794.94","11,849.78","11,715.52"
20201112,"11,709.59","11,802.50","11,847.84","11,666.37"
20201111,"11,786.43","11,656.65","11,793.58","11,638.90"
20201110,"11,553.86","11,622.44","11,665.87","11,424.61"
20201109,"11,713.78","12,046.66","12,108.07","11,703.49"
20201106,"11,895.23","11,869.90","11,920.53","11,737.13"
20201105,"11,890.93","11,816.33","11,924.28","11,784.15"
20201104,"11,590.78","11,443.77","11,663.31","11,394.21"
20201103,"11,160.57","11,038.66","11,213.92","11,004.84"
20201102,"10,957.61","11,010.45","11,071.08","10,830.94"
20201030,"10,911.59","11,103.47","11,129.81","10,822.57"
20201029,"11,185.59","11,064.47","11,287.63","11,030.19"
20201028,"11,004.87","11,230.90","11,249.95","10,999.07"
20201027,"11,431.35","11,409.34","11,465.06","11,361.86"
20201026,"11,358.94","11,440.64","11,545.63","11,221.06"
20201023,"11,548.28","11,536.00","11,548.85","11,434.86"
20201022,"11,506.01","11,526.98","11,548.77","11,369.29"
20201021,"11,484.69","11,530.39","11,613.79","11,476.08"
20201020,"11,516.49","11,531.83","11,632.89","11,471.24"
20201019,"11,478.98","11,732.34","11,778.11","11,454.57"
20201016,"11,671.66","11,761.83","11,827.42","11,648.53"
20201015,"11,713.97","11,559.88","11,740.68","11,559.10"
20201014,"11,768.83","11,889.07","11,939.92","11,714.35"
20201013,"11,864.00","11,901.76","11,946.98","11,821.83"
20201012,"11,876.36","11,732.33","11,965.54","11,704.13"
20201009,"11,580.05","11,487.60","11,581.23","11,476.66"
20201008,"11,421.08","11,443.35","11,448.23","11,384.33"
20201007,"11,364.70","11,271.68","11,380.56","11,258.35"
20201006,"11,154.70","11,314.53","11,392.41","11,124.45"
20201005,"11,332.58","11,169.10","11,335.21","11,162.52"
20201002,"11,075.11","11,082.53","11,244.87","11,033.69"
20201001,"11,326.61","11,291.99","11,344.13","11,240.53"
20200930,"11,167.68","11,092.90","11,277.96","11,092.90"
20200929,"11,085.42","11,109.00","11,153.23","11,065.63"
20200928,"11,117.70","11,084.38","11,120.80","11,019.14"
20200925,"10,913.73","10,680.46","10,939.55","10,639.98"
20200924,"10,672.43","10,551.02","10,799.55","10,520.22"
20200923,"10,633.15","10,950.83","10,962.02","10,612.92"
20200922,"10,963.77","10,873.30","10,979.65","10,737.52"
20200921,"10,778.94","10,610.14","10,782.74","10,519.49"
20200918,"10,793.28","10,973.45","10,977.68","10,639.95"
20200917,"10,910.28","10,796.05","10,974.45","10,783.81"
20200916,"11,050.47","11,222.08","11,245.42","11,046.43"
20200915,"11,190.32","11,193.96","11,244.46","11,127.98"
20200914,"11,056.65","11,010.14","11,118.28","10,982.26"
20200911,"10,853.55","11,010.07","11,033.05","10,728.03"
20200910,"10,919.59","11,235.53","11,299.53","10,875.02"
20200909,"11,141.56","11,064.76","11,217.69","10,970.45"
20200908,"10,847.69","10,900.69","11,131.50","10,837.20"
20200904,"11,313.13","11,396.24","11,531.18","10,875.87"
20200903,"11,458.10","11,861.90","11,894.40","11,361.35"
20200902,"12,056.44","12,047.26","12,074.07","11,836.18"
20200901,"11,939.67","11,850.96","11,945.72","11,794.78"
20200831,"11,775.46","11,718.81","11,829.84","11,697.42"
20200828,"11,695.63","11,689.28","11,708.77","11,634.77"
20200827,"11,625.34","11,688.19","11,730.01","11,551.01"
20200826,"11,665.06","11,516.62","11,672.05","11,507.46"
20200825,"11,466.47","11,370.23","11,468.26","11,343.04"
20200824,"11,379.72","11,449.25","11,462.05","11,297.53"
20200821,"11,311.80","11,258.44","11,326.22","11,245.44"
20200820,"11,264.95","11,096.40","11,283.62","11,090.03"
20200819,"11,146.46","11,214.80","11,257.42","11,132.10"
20200818,"11,210.84","11,170.75","11,230.61","11,103.83"
20200817,"11,129.73","11,083.25","11,144.53","11,080.30"
20200814,"11,019.30","11,042.24","11,058.44","10,972.06"
20200813,"11,042.50","11,026.86","11,124.85","11,007.50"
20200812,"11,012.24","10,878.11","11,036.72","10,877.16"
20200811,"10,782.82","10,942.66","10,989.42","10,762.71"
20200810,"10,968.36","11,033.73","11,040.24","10,849.46"
20200807,"11,010.98","11,072.53","11,126.04","10,920.37"
20200806,"11,108.07","10,989.98","11,121.19","10,963.41"
20200805,"10,998.40","10,967.87","11,002.11","10,943.72"
20200804,"10,941.17","10,897.89","10,941.91","10,852.90"
20200803,"10,902.80","10,848.64","10,927.56","10,831.15"
20200731,"10,745.27","10,741.47","10,747.80","10,557.70"
20200730,"10,587.81","10,450.12","10,609.59","10,412.09"
20200729,"10,542.94","10,474.70","10,567.91","10,464.00"
20200728,"10,402.09","10,509.20","10,523.64","10,397.87"
20200727,"10,536.27","10,421.70","10,546.43","10,399.86"
20200724,"10,363.18","10,294.41","10,418.75","10,217.31"
20200723,"10,461.42","10,689.50","10,728.12","10,407.87"
20200722,"10,706.13","10,687.58","10,745.32","10,627.45"
20200721,"10,680.36","10,837.88","10,839.93","10,650.46"
20200720,"10,767.09","10,526.02","10,783.80","10,488.04"
20200717,"10,503.19","10,500.52","10,532.62","10,421.20"
20200716,"10,473.83","10,443.87","10,499.79","10,364.39"
20200715,"10,550.49","10,576.72","10,604.67","10,420.54"
20200714,"10,488.58","10,310.25","10,497.83","10,182.46"
20200713,"10,390.84","10,729.92","10,824.78","10,368.04"
20200710,"10,617.44","10,545.91","10,622.35","10,447.01"
20200709,"10,547.75","10,563.72","10,578.10","10,379.91"
20200708,"10,492.50","10,409.35","10,494.64","10,350.96"
20200707,"10,343.89","10,412.46","10,518.98","10,337.98"
20200706,"10,433.65","10,360.38","10,462.05","10,354.98"
20200702,"10,207.63","10,268.67","10,310.36","10,194.06"
20200701,"10,154.63","10,063.67","10,197.19","10,048.04"
20200630,"10,058.76","9,875.28","10,085.59","9,863.67"
20200629,"9,874.15","9,771.72","9,877.34","9,663.61"
20200626,"9,757.22","9,995.12","10,000.67","9,749.07"
20200625,"10,017.00","9,899.36","10,023.28","9,810.47"
20200624,"9,909.17","10,092.92","10,137.50","9,842.22"
20200623,"10,131.37","10,130.83","10,221.85","10,112.44"
20200622,"10,056.48","9,945.49","10,059.61","9,916.60"
20200619,"9,946.12","10,042.13","10,053.91","9,872.94"
20200618,"9,943.05","9,892.48","9,959.20","9,885.66"
20200617,"9,910.53","9,943.31","9,991.21","9,891.81"
20200616,"9,895.87","9,949.78","9,963.63","9,748.38"
20200615,"9,726.02","9,426.90","9,756.07","9,403.00"
20200612,"9,588.81","9,715.87","9,768.64","9,413.62"
20200611,"9,492.73","9,791.24","9,868.08","9,491.31"
20200610,"10,020.35","10,012.32","10,086.89","9,962.58"
20200609,"9,953.75","9,867.19","10,002.50","9,863.27"
20200608,"9,924.75","9,823.44","9,927.12","9,780.61"
20200605,"9,814.08","9,703.54","9,845.69","9,685.35"
20200604,"9,615.81","9,649.65","9,716.14","9,560.41"
20200603,"9,682.91","9,651.86","9,707.78","9,627.17"
20200602,"9,608.38","9,566.53","9,611.22","9,472.08"
20200601,"9,552.05","9,471.42","9,571.28","9,462.32"
20200529,"9,489.87","9,382.35","9,505.55","9,324.73"
20200528,"9,368.99","9,392.99","9,523.64","9,345.28"
20200527,"9,412.36","9,346.12","9,414.62","9,144.28"
20200526,"9,340.22","9,501.21","9,501.21","9,333.16"
20200522,"9,324.59","9,278.55","9,328.28","9,239.41"
20200521,"9,284.88","9,375.19","9,405.25","9,254.85"
20200520,"9,375.78","9,305.62","9,392.82","9,304.20"
20200519,"9,185.10","9,227.46","9,317.25","9,183.25"
20200518,"9,234.83","9,177.15","9,267.22","9,154.35"
20200515,"9,014.56","8,839.99","9,018.40","8,821.38"
20200514,"8,943.72","8,788.04","8,945.71","8,705.25"
20200513,"8,863.17","9,006.05","9,074.16","8,752.68"
20200512,"9,002.55","9,225.15","9,250.96","9,000.07"
20200511,"9,192.34","9,054.91","9,241.92","9,053.17"
20200508,"9,121.32","9,056.89","9,125.98","9,018.21"
20200507,"8,979.66","8,973.78","9,015.99","8,932.85"
20200506,"8,854.39","8,874.70","8,933.25","8,819.37"
20200505,"8,809.12","8,809.66","8,909.96","8,781.31"
20200504,"8,710.72","8,555.32","8,715.82","8,537.83"
20200501,"8,604.95","8,681.29","8,754.46","8,566.84"
20200430,"8,889.55","8,911.01","8,926.11","8,825.83"
20200429,"8,914.71","8,802.70","8,957.26","8,765.01"
20200428,"8,607.73","8,825.68","8,830.57","8,600.70"
20200427,"8,730.16","8,717.98","8,754.57","8,697.37"
20200424,"8,634.52","8,530.08","8,642.93","8,464.42"
20200423,"8,494.75","8,528.84","8,635.23","8,475.20"
20200422,"8,495.38","8,434.55","8,537.31","8,404.54"
20200421,"8,263.23","8,460.69","8,480.29","8,215.69"
20200420,"8,560.73","8,553.38","8,684.91","8,553.38"
20200417,"8,650.14","8,667.48","8,670.30","8,531.69"
20200416,"8,532.36","8,479.11","8,560.16","8,393.27"
20200415,"8,393.18","8,355.96","8,464.66","8,308.79"
20200414,"8,515.74","8,353.21","8,531.11","8,338.08"
20200413,"8,192.42","8,127.69","8,200.44","8,035.95"
20200409,"8,153.57","8,169.01","8,227.91","8,072.32"
20200408,"8,090.90","7,975.72","8,114.43","7,901.94"
20200407,"7,887.26","8,129.99","8,146.43","7,881.22"
20200406,"7,913.24","7,660.17","7,938.33","7,617.79"
20200403,"7,373.08","7,477.27","7,518.72","7,288.11"
20200402,"7,487.31","7,317.45","7,501.70","7,307.95"
20200401,"7,360.58","7,459.50","7,566.37","7,301.98"
20200331,"7,700.10","7,740.06","7,880.31","7,642.86"
20200330,"7,774.15","7,583.46","7,784.35","7,539.97"
20200327,"7,502.38","7,554.25","7,716.24","7,491.14"
20200326,"7,797.54","7,462.21","7,809.82","7,462.21"
20200325,"7,384.30","7,421.36","7,671.21","7,276.40"
20200324,"7,417.86","7,196.15","7,418.37","7,169.86"
20200323,"6,860.67","6,847.28","6,984.94","6,631.42"
20200320,"6,879.52","7,248.07","7,354.44","6,854.67"
20200319,"7,150.58","6,996.45","7,341.38","6,858.38"
20200318,"6,989.84","6,902.32","7,182.83","6,686.36"
20200317,"7,334.78","6,904.59","7,406.23","6,828.91"
20200316,"6,904.59","7,392.73","7,422.20","6,882.86"
20200313,"7,874.88","7,610.39","7,875.93","7,219.09"
20200312,"7,201.80","7,398.58","7,712.33","7,194.67"
20200311,"7,952.05","8,136.25","8,181.36","7,850.94"
20200310,"8,344.25","8,219.76","8,347.40","7,930.43"
20200309,"7,950.68","7,957.93","8,243.31","7,943.16"
20200306,"8,575.62","8,469.01","8,612.36","8,375.13"
20200305,"8,738.59","8,790.09","8,921.08","8,677.39"
20200304,"9,018.09","8,834.10","9,019.96","8,757.66"
20200303,"8,684.09","8,965.10","9,070.32","8,602.89"
20200302,"8,952.17","8,667.14","8,952.81","8,543.35"
20200228,"8,567.37","8,269.74","8,591.82","8,264.16"
20200227,"8,566.48","8,744.03","8,904.11","8,562.05"
20200226,"8,980.77","9,011.55","9,148.32","8,927.80"
20200225,"8,965.61","9,301.20","9,315.26","8,940.49"
20200224,"9,221.28","9,188.44","9,322.88","9,166.01"
20200221,"9,576.59","9,708.01","9,715.95","9,542.33"
20200220,"9,750.97","9,799.20","9,820.86","9,636.94"
20200219,"9,817.18","9,782.81","9,838.37","9,777.10"
20200218,"9,732.74","9,679.04","9,747.68","9,675.80"
20200214,"9,731.18","9,728.90","9,746.36","9,693.05"
20200213,"9,711.97","9,657.04","9,748.32","9,650.02"
20200212,"9,725.96","9,688.60","9,728.77","9,666.68"
20200211,"9,638.94","9,680.89","9,714.74","9,617.21"
20200210,"9,628.39","9,493.63","9,628.66","9,493.63"
20200207,"9,520.51","9,526.64","9,570.09","9,496.53"
20200206,"9,572.15","9,540.98","9,575.66","9,505.68"
20200205,"9,508.68","9,574.10","9,574.93","9,454.93"
20200204,"9,467.97","9,398.39","9,485.38","9,374.05"
20200203,"9,273.40","9,190.72","9,299.85","9,188.55"
20200131,"9,150.94","9,324.33","9,324.80","9,123.22"
20200130,"9,298.93","9,211.15","9,303.00","9,185.18"
20200129,"9,275.16","9,318.26","9,329.11","9,249.04"
20200128,"9,269.68","9,201.82","9,288.87","9,182.33"
20200127,"9,139.31","9,092.46","9,185.45","9,088.04"
20200124,"9,314.91","9,446.20","9,451.43","9,273.23"
20200123,"9,402.48","9,377.72","9,409.20","9,334.13"
20200122,"9,383.77","9,413.61","9,439.29","9,375.13"
20200121,"9,370.81","9,361.07","9,397.58","9,350.20"
20200117,"9,388.94","9,392.37","9,393.48","9,346.81"
20200116,"9,357.13","9,313.44","9,357.92","9,301.32"
20200115,"9,258.69","9,253.76","9,298.82","9,231.14"
20200114,"9,251.33","9,270.61","9,298.33","9,226.49"
20200113,"9,273.93","9,213.72","9,274.49","9,193.06"
20200110,"9,178.86","9,232.94","9,235.20","9,164.66"
20200109,"9,203.43","9,202.27","9,215.95","9,158.50"
20200108,"9,129.24","9,068.03","9,168.89","9,059.38"
20200107,"9,068.58","9,076.65","9,091.93","9,042.55"
20200106,"9,071.47","8,943.50","9,072.41","8,943.50"
20200103,"9,020.77","8,976.43","9,065.76","8,976.43"
20200102,"9,092.19","9,039.46","9,093.43","9,010.89"
