date,close,open,high,low,rate
20240902,32.05,32.011,32.082,31.978,0
20240901,32.011,32.011,32.011,32.011,0
20240830,32.011,31.873,32.019,31.705,0
20240829,31.872,31.98,32.06,31.841,0
20240828,31.965,31.947,32.019,31.862,0
20240827,31.89,31.853,31.994,31.796,0
20240826,31.84,31.767,31.87,31.729,0
20240823,31.74,32.045,32.119,31.764,-0.01
20240822,31.97,31.939,32.076,31.899,0
20240821,31.918,31.899,32.017,31.854,0
20240820,31.897,31.955,31.992,31.837,0
20240819,31.94,32.21,32.252,31.88,-0.01
20240816,32.132,32.414,32.485,32.146,-0.01
20240815,32.399,32.268,32.438,32.215,0
20240814,32.253,32.355,32.377,32.158,0
20240813,32.34,32.427,32.525,32.294,0
20240812,32.405,32.428,32.543,32.339,0
20240809,32.435,32.437,32.501,32.263,0
20240808,32.397,32.67,32.688,32.365,-0.01
20240807,32.655,32.77,32.809,32.576,0
20240806,32.762,32.7,32.817,32.639,0
20240805,32.696,32.68,32.78,32.561,0
20240802,32.568,32.791,32.873,32.585,-0.01
20240801,32.77,32.699,32.852,32.543,0
20240731,32.665,32.847,32.931,32.634,-0.01
20240730,32.831,32.863,32.921,32.763,0
20240729,32.852,32.785,32.907,32.759,0
20240726,32.804,32.735,32.875,32.655,0
20240725,32.72,32.789,32.808,32.613,0
20240724,32.714,32.798,32.826,32.68,0
20240723,32.774,32.836,32.862,32.764,0
20240722,32.825,32.796,32.922,32.764,0
20240719,32.781,32.699,32.819,32.648,0
20240718,32.68,32.567,32.728,32.492,0
20240717,32.55,32.587,32.652,32.446,0
20240716,32.572,32.627,32.66,32.572,0
20240715,32.613,32.565,32.641,32.505,0
20240712,32.479,32.451,32.57,32.374,0
20240711,32.435,32.612,32.625,32.369,0
20240710,32.58,32.566,32.651,32.517,0
20240709,32.545,32.483,32.618,32.444,0
20240708,32.468,32.409,32.505,32.355,0
20240705,32.393,32.495,32.563,32.385,0
20240704,32.445,32.633,32.701,32.437,-0.01
20240703,32.618,32.589,32.774,32.534,0
20240702,32.575,32.556,32.677,32.528,0
20240701,32.544,32.5,32.593,32.456,0
20240628,32.504,32.564,32.595,32.403,0
20240627,32.549,32.564,32.646,32.52,0
20240626,32.549,32.484,32.654,32.43,0
20240625,32.466,32.375,32.53,32.332,0
20240624,32.366,32.378,32.418,32.331,0
20240621,32.371,32.388,32.403,32.303,0
20240620,32.365,32.389,32.432,32.311,0
20240619,32.368,32.354,32.417,32.292,0
20240618,32.335,32.369,32.45,32.308,0
20240617,32.355,32.365,32.401,32.319,0
20240614,32.337,32.36,32.424,32.308,0
20240613,32.32,32.267,32.403,32.243,0
20240612,32.25,32.38,32.411,32.136,0
20240611,32.367,32.363,32.45,32.336,0
20240610,32.358,32.38,32.509,32.329,0
20240607,32.402,32.273,32.447,32.199,0
20240606,32.252,32.309,32.369,32.215,0
20240605,32.288,32.35,32.411,32.29,0
20240604,32.331,32.314,32.447,32.299,0
20240603,32.3,32.395,32.464,32.3,-0.01
20240531,32.465,32.382,32.568,32.351,0
20240530,32.379,32.388,32.519,32.347,0
20240529,32.371,32.23,32.469,32.183,0.01
20240528,32.18,32.151,32.272,32.095,0
20240527,32.115,32.229,32.259,32.125,0
20240524,32.232,32.269,32.319,32.188,0
20240523,32.252,32.269,32.321,32.167,0
20240522,32.253,32.295,32.343,32.235,0
20240521,32.268,32.249,32.34,32.216,0
20240520,32.245,32.213,32.28,32.151,0
20240517,32.146,32.174,32.276,32.088,0
20240516,32.159,32.09,32.189,31.986,0
20240515,32.074,32.334,32.394,32.042,-0.01
20240514,32.322,32.417,32.454,32.306,0
20240513,32.397,32.429,32.482,32.376,0
20240510,32.405,32.348,32.493,32.336,0
20240509,32.38,32.37,32.461,32.314,0
20240508,32.33,32.409,32.483,32.351,0
20240507,32.395,32.306,32.437,32.272,0
20240506,32.279,32.292,32.363,32.254,0
20240503,32.292,32.36,32.424,32.121,0
20240502,32.349,32.537,32.618,32.356,0
20240501,32.474,32.617,32.66,32.446,0
20240430,32.602,32.514,32.658,32.457,0
20240429,32.45,32.581,32.678,32.481,0
20240426,32.595,32.565,32.648,32.525,0
20240425,32.55,32.66,32.668,32.533,0
20240424,32.642,32.559,32.697,32.482,0
20240423,32.544,32.618,32.663,32.509,0
20240422,32.595,32.57,32.708,32.523,0
20240419,32.522,32.482,32.596,32.417,0
20240418,32.477,32.474,32.537,32.311,0
20240417,32.385,32.545,32.555,32.38,0
20240416,32.53,32.432,32.574,32.399,0
20240415,32.418,32.265,32.482,32.252,0
20240412,32.288,32.245,32.328,32.194,0
20240411,32.208,32.211,32.319,32.14,0
20240410,32.168,32.015,32.278,31.942,0.01
20240409,32.007,32.09,32.134,31.99,0
20240408,32.085,32.155,32.194,32.075,0
20240405,32.111,32.081,32.16,32.026,0
20240404,32.06,32.014,32.105,31.976,0
20240403,31.988,32.062,32.123,31.989,0
20240402,32.046,32.046,32.136,32.018,0
20240401,32.027,32.005,32.089,31.905,0
20240329,31.942,31.996,32.088,31.9,0
20240328,31.95,31.998,32.1,31.909,0
20240327,31.977,31.919,32.109,31.882,0
20240326,31.909,31.833,31.996,31.765,0
20240325,31.819,31.972,32.02,31.737,0
20240322,31.935,31.93,32.067,31.855,0
20240321,31.901,31.794,32,31.697,0
20240320,31.784,31.781,31.956,31.738,0
20240319,31.766,31.681,31.831,31.637,0
20240318,31.666,31.63,31.712,31.556,0
20240315,31.606,31.581,31.703,31.535,0
20240314,31.555,31.473,31.617,31.415,0
20240313,31.449,31.478,31.55,31.361,0
20240312,31.31,31.379,31.513,31.315,0
20240311,31.418,31.435,31.494,31.372,0
20240308,31.409,31.462,31.541,31.302,0
20240307,31.433,31.5,31.583,31.444,0
20240306,31.495,31.593,31.674,31.49,0
20240305,31.571,31.566,31.614,31.519,0
20240304,31.538,31.585,31.604,31.475,0
20240301,31.532,31.661,31.67,31.554,0
20240229,31.629,31.667,31.712,31.577,0
20240228,31.665,31.623,31.761,31.58,0
20240227,31.618,31.607,31.656,31.543,0
20240226,31.564,31.618,31.646,31.515,0
20240223,31.616,31.534,31.701,31.456,0
20240222,31.532,31.503,31.586,31.436,0
20240221,31.487,31.442,31.577,31.387,0
20240220,31.424,31.414,31.542,31.344,0
20240219,31.388,31.347,31.451,31.323,0
20240216,31.35,31.336,31.427,31.27,0
20240215,31.312,31.413,31.483,31.312,0
20240214,31.389,31.545,31.614,31.373,0
20240213,31.543,31.364,31.604,31.287,0.01
20240212,31.333,31.381,31.444,31.322,0
20240209,31.368,31.385,31.497,31.313,0
20240208,31.372,31.359,31.451,31.301,0
20240207,31.381,31.296,31.424,31.216,0
20240206,31.278,31.398,31.494,31.271,0
20240205,31.404,31.4,31.49,31.34,0
20240202,31.374,31.247,31.429,31.163,0
20240201,31.24,31.261,31.389,31.239,0
20240131,31.22,31.161,31.33,31.15,0
20240130,31.15,31.196,31.236,31.092,0
20240129,31.153,31.267,31.31,31.161,0
20240126,31.242,31.343,31.41,31.229,0
20240125,31.329,31.311,31.407,31.233,0
20240124,31.295,31.434,31.444,31.256,0
20240123,31.398,31.347,31.475,31.274,0
20240122,31.33,31.445,31.475,31.256,0
20240119,31.382,31.545,31.632,31.318,0
20240118,31.524,31.611,31.65,31.495,0
20240117,31.579,31.494,31.701,31.448,0
20240116,31.503,31.26,31.581,31.207,0.01
20240115,31.279,31.202,31.36,31.118,0.01
20240112,31.099,31.057,31.181,31.031,0
20240111,31.047,31.124,31.168,31.01,0
20240110,31.104,31.076,31.187,31.036,0
20240109,31.058,30.952,31.13,30.894,0.01
20240108,30.905,30.937,31.063,30.906,0
20240105,30.952,31.091,31.107,30.904,0
20240104,31.076,31.057,31.128,30.939,0
20240103,31.052,30.939,31.113,30.885,0
20240102,30.924,30.672,30.969,30.638,0.01
20240101,30.684,30.684,30.684,30.684,0
20231229,30.682,30.723,30.8,30.52,0
20231228,30.722,30.885,30.931,30.481,0
20231227,30.82,30.957,31.031,30.822,0
20231226,30.943,31.135,31.243,30.889,0
20231225,31.06,31.135,31.219,31.008,0
20231222,31.082,31.181,31.249,30.983,0
20231221,31.194,31.334,31.347,31.168,0
20231220,31.319,31.285,31.364,31.244,0
20231219,31.286,31.404,31.416,31.273,0
20231218,31.389,31.265,31.428,31.237,0
20231215,31.348,31.223,31.413,31.18,0.01
20231214,31.164,31.314,31.347,31.159,-0.01
20231213,31.44,31.513,31.593,31.45,0
20231212,31.482,31.496,31.552,31.415,0
20231211,31.458,31.44,31.584,31.404,0
20231208,31.415,31.468,31.537,31.254,0
20231207,31.391,31.511,31.618,31.373,0
20231206,31.505,31.527,31.579,31.437,0
20231205,31.512,31.453,31.591,31.294,0
20231204,31.43,31.315,31.488,31.255,0
20231201,31.286,31.359,31.513,31.27,0
20231130,31.361,31.273,31.41,31.199,0
20231129,31.28,31.312,31.372,31.095,0
20231128,31.303,31.538,31.545,31.261,-0.01
20231127,31.526,31.663,31.7,31.498,0
20231124,31.656,31.63,31.729,31.544,0
20231123,31.608,31.567,31.692,31.455,0
20231122,31.553,31.379,31.662,31.337,0.01
20231121,31.366,31.512,31.545,31.206,0
20231120,31.516,31.758,31.817,31.458,-0.01
20231117,31.735,31.921,31.931,31.667,-0.01
20231116,31.902,32.002,32.048,31.802,0
20231115,31.973,32.094,32.178,31.81,0
20231114,32.082,32.322,32.435,32.06,-0.01
20231113,32.303,32.403,32.437,32.288,0
20231110,32.357,32.343,32.414,32.263,0
20231109,32.326,32.237,32.369,32.155,0
20231108,32.222,32.191,32.298,32.094,0
20231107,32.179,32.143,32.257,32.091,0
20231106,32.128,32.113,32.2,32.032,0
20231103,32.098,32.313,32.381,32.06,-0.01
20231102,32.294,32.422,32.467,32.243,0
20231101,32.39,32.473,32.526,32.364,0
20231031,32.468,32.326,32.496,32.256,0
20231030,32.319,32.45,32.484,32.322,0
20231027,32.464,32.419,32.527,32.357,0
20231026,32.404,32.409,32.526,32.333,0
20231025,32.395,32.29,32.439,32.214,0
20231024,32.264,32.299,32.387,32.238,0
20231023,32.294,32.39,32.442,32.28,0
20231020,32.332,32.377,32.423,32.298,0
20231019,32.38,32.414,32.485,32.314,0
20231018,32.395,32.395,32.465,32.254,0
20231017,32.391,32.248,32.445,32.192,0
20231016,32.234,32.238,32.313,32.183,0
20231013,32.2,32.238,32.293,32.136,0
20231012,32.222,32.074,32.268,32.009,0.01
20231011,32.058,32.096,32.188,32.009,0
20231010,32.08,32.194,32.243,32.041,0
20231009,32.113,32.154,32.25,32.106,0
20231006,32.118,32.246,32.311,32.078,0
20231005,32.23,32.32,32.388,32.229,0
20231004,32.284,32.354,32.457,32.232,0
20231003,32.345,32.347,32.396,32.275,0
20231002,32.332,32.277,32.357,32.186,0
20230929,32.23,32.131,32.278,32.054,0
20230928,32.117,32.26,32.315,32.109,0
20230927,32.245,32.215,32.306,32.19,0
20230926,32.204,32.135,32.286,32.098,0
20230925,32.12,32.124,32.19,32.069,0
20230922,32.138,32.169,32.219,32.101,0
20230921,32.146,32.055,32.23,31.989,0
20230920,32.039,32.037,32.11,31.942,0
20230919,32.014,31.964,32.109,31.892,0
20230918,31.949,31.885,32.002,31.86,0
20230915,31.862,31.925,31.998,31.864,0
20230914,31.91,31.957,32.009,31.847,0
20230913,31.92,32.017,32.085,31.904,0
20230912,32.012,31.968,32.083,31.911,0
20230911,31.914,32.1,32.113,31.926,-0.01
20230908,32.095,32.05,32.16,32.004,0
20230907,32.034,31.97,32.15,31.926,0
20230906,31.956,31.94,32.013,31.885,0
20230905,31.929,31.923,31.997,31.855,0
20230904,31.906,31.885,31.944,31.837,0
20230901,31.863,31.859,31.927,31.791,0
20230831,31.844,31.844,31.923,31.784,0
20230830,31.824,31.864,31.916,31.769,0
20230829,31.819,31.906,31.962,31.806,0
20230828,31.891,31.817,31.947,31.782,0
20230825,31.822,31.831,31.913,31.756,0
20230824,31.816,31.848,31.917,31.705,0
20230823,31.819,31.992,32.005,31.833,-0.01
20230822,31.985,31.944,32.018,31.858,0
20230821,31.941,31.99,32.035,31.87,0
20230818,31.828,32.007,32.03,31.84,0
20230817,31.942,31.965,32.059,31.89,0
20230816,31.914,31.923,32.025,31.819,0
20230815,31.908,31.955,32.038,31.854,0
20230814,31.94,31.915,32.028,31.88,0
20230811,31.894,31.808,31.969,31.734,0
20230810,31.809,31.73,31.831,31.646,0.01
20230809,31.646,31.861,31.946,31.656,-0.01
20230808,31.828,31.73,31.903,31.652,0
20230807,31.675,31.647,31.764,31.579,0
20230804,31.652,31.678,31.774,31.61,0
20230803,31.654,31.652,31.742,31.597,0
20230802,31.623,31.613,31.715,31.564,0
20230801,31.598,31.44,31.666,31.4,0.01
20230731,31.433,31.333,31.494,31.283,0
20230728,31.334,31.329,31.498,31.245,0
20230727,31.315,31.213,31.375,31.117,0
20230726,31.198,31.278,31.374,31.137,0
20230725,31.268,31.344,31.395,31.241,0
20230724,31.338,31.35,31.437,31.299,0
20230721,31.322,31.131,31.387,31.027,0.01
20230720,31.109,31.105,31.198,31.02,0
20230719,31.048,31.005,31.162,30.919,0
20230718,30.968,31.03,31.078,30.934,0
20230717,31.025,30.965,31.08,30.87,0
20230714,30.955,30.943,31.058,30.783,0
20230713,30.938,31.14,31.194,30.89,-0.01
20230712,31.136,31.318,31.356,31.111,-0.01
20230711,31.313,31.355,31.406,31.273,0
20230710,31.351,31.268,31.435,31.248,0
20230707,31.264,31.304,31.388,31.233,0
20230706,31.274,31.221,31.397,31.163,0
20230705,31.216,31.111,31.253,31.08,0
20230704,31.07,31.098,31.173,31.063,0
20230703,31.097,31.136,31.194,31.074,0
20230630,31.129,31.116,31.214,31.08,0
20230629,31.11,31.014,31.149,30.997,0
20230628,31.022,30.996,31.208,30.964,0
20230627,31.008,31.011,31.067,30.964,0
20230626,31.007,31.045,31.098,30.955,0
20230623,30.989,31.024,31.168,30.971,0
20230622,30.993,30.92,31.058,30.869,0
20230621,30.927,30.955,31.031,30.891,0
20230620,30.94,30.836,31.022,30.779,0
20230619,30.799,30.75,30.876,30.69,0
20230616,30.674,30.673,30.808,30.58,0
20230615,30.667,30.753,30.835,30.642,0
20230614,30.734,30.657,30.777,30.58,0
20230613,30.642,30.761,30.796,30.597,0
20230612,30.757,30.692,30.831,30.654,0
20230609,30.66,30.715,30.822,30.65,0
20230608,30.713,30.758,30.813,30.678,0
20230607,30.743,30.699,30.8,30.64,0
20230606,30.695,30.709,30.781,30.635,0
20230605,30.689,30.677,30.764,30.647,0
20230602,30.667,30.681,30.739,30.59,0
20230601,30.654,30.7,30.82,30.643,0
20230531,30.693,30.577,30.831,30.534,0
20230530,30.562,30.629,30.66,30.529,0
20230529,30.624,30.721,30.767,30.598,0
20230526,30.681,30.834,30.869,30.679,0
20230525,30.829,30.843,30.877,30.707,0
20230524,30.829,30.804,30.885,30.693,0
20230523,30.791,30.659,30.826,30.622,0
20230522,30.645,30.635,30.697,30.559,0
20230519,30.6,30.741,30.82,30.551,0
20230518,30.722,30.82,30.83,30.709,0
20230517,30.771,30.85,30.872,30.72,0
20230516,30.836,30.777,30.889,30.729,0
20230515,30.8,30.825,30.865,30.745,0
20230512,30.83,30.77,30.872,30.688,0
20230511,30.753,30.686,30.819,30.623,0
20230510,30.671,30.74,30.779,30.628,0
20230509,30.725,30.659,30.757,30.59,0
20230508,30.659,30.593,30.742,30.581,0
20230505,30.578,30.72,30.778,30.583,0
20230504,30.716,30.737,30.765,30.634,0
20230503,30.732,30.816,30.821,30.615,0
20230502,30.756,30.812,30.855,30.694,0
20230501,30.797,30.761,30.835,30.698,0
20230428,30.738,30.717,30.806,30.637,0
20230427,30.698,30.725,30.829,30.634,0
20230426,30.719,30.731,30.775,30.653,0
20230425,30.708,30.677,30.785,30.575,0
20230424,30.648,30.64,30.674,30.611,0
20230421,30.625,30.597,30.676,30.531,0
20230420,30.516,30.593,30.686,30.51,0
20230419,30.577,30.526,30.642,30.419,0
20230418,30.484,30.56,30.623,30.474,0
20230417,30.535,30.519,30.604,30.463,0
20230414,30.504,30.462,30.598,30.373,0
20230413,30.459,30.525,30.585,30.418,0
20230412,30.508,30.523,30.598,30.427,0
20230411,30.507,30.502,30.582,30.434,0
20230410,30.498,30.408,30.545,30.378,0
20230407,30.393,30.54,30.59,30.358,0
20230406,30.525,30.57,30.653,30.461,0
20230405,30.556,30.465,30.595,30.361,0
20230404,30.45,30.528,30.607,30.417,0
20230403,30.477,30.54,30.682,30.438,0
20230331,30.535,30.473,30.59,30.39,0
20230330,30.417,30.501,30.591,30.433,0
20230329,30.487,30.365,30.541,30.309,0
20230328,30.35,30.352,30.441,30.265,0
20230327,30.337,30.336,30.446,30.302,0
20230324,30.333,30.332,30.482,30.275,0
20230323,30.318,30.395,30.419,30.272,0
20230322,30.326,30.481,30.563,30.146,0
20230321,30.433,30.493,30.608,30.451,0
20230320,30.5,30.633,30.651,30.443,0
20230317,30.618,30.54,30.666,30.505,0
20230316,30.529,30.606,30.703,30.508,0
20230315,30.591,30.508,30.791,30.389,0
20230314,30.493,30.451,30.647,30.42,0
20230313,30.429,30.708,30.841,30.427,-0.01
20230310,30.744,30.859,30.935,30.637,0
20230309,30.84,30.768,30.878,30.701,0
20230308,30.734,30.792,30.902,30.683,0
20230307,30.773,30.67,30.82,30.555,0
20230306,30.637,30.513,30.676,30.478,0
20230303,30.498,30.664,30.74,30.479,-0.01
20230302,30.66,30.575,30.728,30.49,0
20230301,30.571,30.722,30.759,30.428,0
20230228,30.715,30.688,30.816,30.597,0
20230227,30.683,30.659,30.792,30.604,0
20230224,30.664,30.391,30.707,30.323,0.01
20230223,30.386,30.543,30.567,30.286,0
20230222,30.517,30.533,30.603,30.442,0
20230221,30.518,30.39,30.57,30.291,0
20230220,30.384,30.386,30.468,30.32,0
20230217,30.381,30.345,30.488,30.281,0
20230216,30.341,30.361,30.443,30.188,0
20230215,30.346,30.275,30.43,30.226,0
20230214,30.26,30.238,30.33,30.106,0
20230213,30.196,30.209,30.306,30.136,0
20230210,30.192,30.12,30.209,30.051,0
20230209,30.105,30.079,30.152,30.019,0
20230208,30.058,30.063,30.118,29.954,0
20230207,30.031,30.051,30.143,29.959,0
20230206,30.037,29.981,30.124,29.874,0
20230203,29.966,29.725,30.053,29.65,0.01
20230202,29.681,29.771,29.796,29.608,0
20230201,29.759,30.046,30.104,29.669,-0.01
20230131,29.994,30.098,30.135,29.989,0
20230130,30.096,30.252,30.286,30.019,0
20230127,30.217,30.233,30.315,30.109,0
20230126,30.205,30.249,30.334,30.188,0
20230125,30.252,30.275,30.342,30.176,0
20230124,30.214,30.29,30.356,30.203,0
20230123,30.297,30.332,30.378,30.251,0
20230120,30.327,30.295,30.439,30.281,0
20230119,30.292,30.354,30.431,30.294,0
20230118,30.341,30.267,30.398,30.225,0
20230117,30.253,30.368,30.383,30.242,0
20230116,30.353,30.295,30.396,30.235,0
20230113,30.29,30.323,30.427,30.201,0
20230112,30.33,30.434,30.51,30.297,0
20230111,30.424,30.441,30.508,30.375,0
20230110,30.436,30.482,30.555,30.406,0
20230109,30.478,30.58,30.64,30.392,0
20230106,30.57,30.73,30.771,30.537,0
20230105,30.702,30.68,30.761,30.65,0
20230104,30.676,30.733,30.755,30.605,0
20230103,30.718,30.736,30.809,30.61,0
20230102,30.728,30.637,30.784,30.594,0
20221230,30.577,30.656,30.844,30.557,0
20221229,30.675,30.845,30.85,30.647,0
20221228,30.801,30.766,30.848,30.685,0
20221227,30.695,30.731,30.785,30.676,0
20221226,30.7,30.76,30.78,30.69,0
20221223,30.745,30.759,30.818,30.702,0
20221222,30.744,30.688,30.777,30.636,0
20221221,30.671,30.742,30.772,30.649,0
20221220,30.727,30.773,30.872,30.635,0
20221219,30.768,30.786,30.805,30.694,0
20221216,30.771,30.837,30.858,30.695,0
20221215,30.767,30.461,30.806,30.454,0.01
20221214,30.456,30.631,30.649,30.424,-0.01
20221213,30.616,30.707,30.781,30.529,0
20221212,30.702,30.708,30.775,30.649,0
20221209,30.703,30.637,30.796,30.562,0
20221208,30.624,30.612,30.726,30.583,0
20221207,30.615,30.629,30.719,30.575,0
20221206,30.636,30.592,30.694,30.476,0
20221205,30.588,30.553,30.625,30.407,0
20221202,30.538,30.597,30.73,30.477,0
20221201,30.567,30.811,30.853,30.514,-0.01
20221130,30.804,30.95,31.017,30.728,0
20221129,30.954,31.018,31.058,30.887,0
20221128,30.981,30.944,31.101,30.917,0
20221125,30.939,30.928,31.014,30.743,0
20221124,30.898,31.13,31.182,30.808,-0.01
20221123,31.113,31.12,31.264,31.025,0
20221122,31.098,31.24,31.296,31.073,0
20221121,31.234,31.081,31.296,31.074,0
20221118,31.111,31.121,31.223,31.041,0
20221117,31.115,31.156,31.326,31.021,0
20221116,31.05,31.122,31.273,31.028,0
20221115,31.116,30.92,31.15,30.844,0.01
20221114,30.887,31.112,31.385,30.882,-0.01
20221111,31.097,31.412,31.657,31.004,-0.01
20221110,31.366,31.934,31.973,31.397,-0.02
20221109,31.932,31.892,32.045,31.736,0
20221108,31.852,31.972,32.045,31.832,0
20221107,31.967,32.014,32.173,31.917,0
20221104,31.999,32.208,32.32,31.943,-0.01
20221103,32.193,32.296,32.378,32.187,0
20221102,32.282,32.177,32.322,32.055,0
20221101,32.162,32.258,32.333,32.091,0
20221031,32.24,32.115,32.334,32.033,0
20221028,32.1,32.119,32.206,32.026,0
20221027,32.12,32.067,32.191,31.83,0
20221026,32.053,32.264,32.373,32.036,-0.01
20221025,32.259,32.341,32.421,32.239,0
20221024,32.309,32.092,32.409,32.061,0.01
20221021,32.077,32.107,32.302,32.043,0
20221020,32.094,32.12,32.196,31.976,0
20221019,32.105,32.036,32.177,31.964,0
20221018,32.021,31.991,32.085,31.912,0
20221017,31.976,31.977,32.097,31.861,0
20221014,31.972,31.879,32.076,31.829,0
20221013,31.873,31.823,32.017,31.772,0
20221012,31.818,31.855,31.916,31.792,0
20221011,31.839,31.82,31.951,31.726,0
20221010,31.798,31.726,31.84,31.663,0
20221007,31.721,31.553,31.751,31.497,0.01
20221006,31.539,31.575,31.62,31.428,0
20221005,31.56,31.654,31.698,31.454,0
20221004,31.641,31.797,31.883,31.599,0
20221003,31.795,31.818,31.955,31.764,0
20220930,31.803,31.698,31.877,31.615,0
20220929,31.683,31.717,31.873,31.651,0
20220928,31.711,31.754,31.943,31.66,0
20220927,31.748,31.838,31.903,31.637,0
20220926,31.823,31.807,31.948,31.761,0
20220923,31.803,31.598,31.899,31.52,0.01
20220922,31.582,31.463,31.679,31.431,0
20220921,31.457,31.369,31.5,31.332,0
20220920,31.354,31.324,31.423,31.299,0
20220919,31.33,31.325,31.457,31.265,0
20220916,31.289,31.252,31.455,31.138,0
20220915,31.246,31.094,31.31,31.065,0.01
20220914,31.075,31.148,31.187,31.058,0
20220913,31.153,30.9,31.184,30.838,0.01
20220912,30.883,30.876,30.95,30.785,0
20220909,30.86,30.914,30.958,30.76,0
20220908,30.904,30.835,31.003,30.785,0
20220907,30.821,30.83,30.997,30.77,0
20220906,30.815,30.715,30.865,30.633,0
20220905,30.703,30.643,30.788,30.589,0
20220902,30.611,30.613,30.662,30.546,0
20220901,30.584,30.399,30.632,30.338,0.01
20220831,30.389,30.498,30.528,30.319,0
20220830,30.483,30.386,30.509,30.34,0
20220829,30.371,30.301,30.455,30.254,0
20220826,30.281,30.225,30.31,30.147,0
20220825,30.207,30.252,30.312,30.172,0
20220824,30.234,30.206,30.313,30.155,0
20220823,30.192,30.157,30.222,30.098,0
20220822,30.141,30.124,30.191,30.048,0
20220819,30.102,29.978,30.14,29.968,0
20220818,29.981,29.993,30.041,29.943,0
20220817,29.978,29.995,30.03,29.922,0
20220816,29.979,30.014,30.067,29.965,0
20220815,29.985,29.976,30.053,29.932,0
20220812,29.911,30.012,30.042,29.919,0
20220811,29.997,29.915,30.034,29.846,0
20220810,29.901,30.054,30.082,29.882,0
20220809,30.033,30.037,30.071,29.964,0
20220808,30.022,29.993,30.094,29.942,0
20220805,29.973,29.984,30.058,29.901,0
20220804,29.944,29.968,30.051,29.938,0
20220803,29.953,29.971,30.051,29.916,0
20220802,29.956,30.149,30.233,29.854,-0.01
20220801,30.142,30.089,30.216,29.972,0
20220729,29.998,29.892,30.132,29.859,0
20220728,29.89,29.918,29.997,29.852,0
20220727,29.891,29.988,30.034,29.88,0
20220726,29.968,29.912,29.99,29.829,0
20220725,29.898,29.867,29.944,29.807,0
20220722,29.812,29.901,29.993,29.805,0
20220721,29.902,29.961,29.998,29.88,0
20220720,29.942,29.847,29.978,29.787,0
20220719,29.843,29.906,29.963,29.831,0
20220718,29.901,29.927,29.956,29.861,0
20220715,29.924,29.955,30,29.885,0
20220714,29.939,29.823,30.024,29.757,0
20220713,29.805,29.894,29.917,29.756,0
20220712,29.879,29.874,29.952,29.816,0
20220711,29.872,29.781,29.91,29.738,0
20220708,29.75,29.753,29.829,29.714,0
20220707,29.748,29.822,29.838,29.732,0
20220706,29.817,29.82,29.861,29.767,0
20220705,29.806,29.73,29.921,29.666,0
20220704,29.713,29.811,29.869,29.684,0
20220701,29.796,29.702,29.907,29.663,0
20220630,29.712,29.749,29.855,29.666,0
20220629,29.734,29.718,29.77,29.616,0
20220628,29.706,29.625,29.771,29.603,0
20220627,29.624,29.706,29.743,29.562,0
20220624,29.695,29.728,29.795,29.622,0
20220623,29.722,29.781,29.84,29.681,0
20220622,29.764,29.744,29.858,29.703,0
20220621,29.739,29.733,29.776,29.655,0
20220620,29.704,29.77,29.819,29.681,0
20220617,29.702,29.727,29.842,29.589,0
20220616,29.71,29.626,29.842,29.525,0
20220615,29.611,29.695,29.792,29.554,0
20220614,29.68,29.784,29.84,29.615,0
20220613,29.767,29.653,29.813,29.633,0
20220610,29.657,29.59,29.685,29.545,0
20220609,29.608,29.499,29.699,29.438,0
20220608,29.5,29.538,29.576,29.408,0
20220607,29.491,29.427,29.553,29.341,0
20220606,29.381,29.358,29.458,29.334,0
20220603,29.361,29.205,29.409,29.092,0.01
20220602,29.2,29.235,29.417,29.138,0
20220601,29.219,29.032,29.285,28.916,0.01
20220531,29.026,28.981,29.16,28.917,0
20220530,28.975,29.31,29.353,28.897,-0.01
20220527,29.303,29.422,29.503,29.246,0
20220526,29.381,29.527,29.573,29.388,0
20220525,29.511,29.613,29.641,29.479,0
20220524,29.58,29.584,29.652,29.491,0
20220523,29.58,29.698,29.74,29.538,0
20220520,29.713,29.703,29.767,29.574,0
20220519,29.687,29.819,29.84,29.66,0
20220518,29.814,29.685,29.834,29.54,0.01
20220517,29.61,29.775,29.833,29.535,-0.01
20220516,29.76,29.797,29.852,29.733,0
20220513,29.782,29.881,29.918,29.753,0
20220512,29.866,29.759,29.919,29.69,0
20220511,29.742,29.722,29.776,29.611,0
20220510,29.707,29.798,29.864,29.622,0
20220509,29.745,29.669,29.847,29.647,0
20220506,29.665,29.672,29.747,29.573,0
20220505,29.657,29.337,29.749,29.271,0.01
20220504,29.338,29.512,29.563,29.329,-0.01
20220503,29.484,29.535,29.574,29.462,0
20220502,29.52,29.442,29.576,29.358,0
20220429,29.438,29.53,29.58,29.364,0
20220428,29.498,29.423,29.606,29.362,0
20220427,29.428,29.392,29.473,29.306,0
20220426,29.377,29.282,29.399,29.197,0
20220425,29.234,29.34,29.434,29.235,0
20220422,29.273,29.294,29.369,29.202,0
20220421,29.274,29.256,29.325,29.135,0
20220420,29.22,29.324,29.346,29.185,0
20220419,29.298,29.265,29.329,29.188,0
20220418,29.238,29.142,29.314,29.105,0
20220415,29.111,29.056,29.171,28.975,0
20220414,29.042,29.011,29.15,28.877,0
20220413,28.995,29.125,29.229,28.937,0
20220412,29.073,29.07,29.204,29.035,0
20220411,29.032,28.929,29.131,28.896,0
20220408,28.891,28.848,28.975,28.805,0
20220407,28.832,28.758,28.87,28.705,0
20220406,28.713,28.695,28.826,28.65,0
20220405,28.681,28.65,28.722,28.596,0
20220404,28.621,28.664,28.699,28.61,0
20220401,28.668,28.647,28.764,28.608,0
20220331,28.629,28.577,28.705,28.496,0
20220330,28.567,28.694,28.787,28.469,0
20220329,28.689,28.812,28.864,28.635,0
20220328,28.758,28.684,28.868,28.639,0
20220325,28.669,28.681,28.773,28.59,0
20220324,28.663,28.609,28.725,28.558,0
20220323,28.595,28.542,28.654,28.476,0
20220322,28.483,28.511,28.628,28.419,0
20220321,28.497,28.371,28.572,28.319,0.01
20220318,28.356,28.231,28.455,28.167,0.01
20220317,28.216,28.496,28.605,28.161,-0.01
20220316,28.479,28.57,28.68,28.432,0
20220315,28.555,28.555,28.663,28.483,0
20220314,28.54,28.413,28.571,28.393,0
20220311,28.402,28.347,28.461,28.307,0
20220310,28.349,28.312,28.416,28.26,0
20220309,28.295,28.35,28.469,28.285,0
20220308,28.319,28.297,28.419,28.258,0
20220307,28.284,28.138,28.369,28.132,0.01
20220304,28.123,28.075,28.26,28.041,0
20220303,28.06,28.029,28.125,27.978,0
20220302,28.014,28.119,28.133,27.965,0
20220301,28.065,28.03,28.123,27.965,0
20220228,27.996,27.979,28.114,27.974,0
20220225,27.964,28.069,28.105,27.923,0
20220224,28.054,27.9,28.24,27.859,0.01
20220223,27.884,27.883,27.921,27.841,0
20220222,27.854,27.852,27.91,27.815,0
20220221,27.837,27.862,27.903,27.781,0
20220218,27.841,27.872,27.93,27.833,0
20220217,27.835,27.841,27.957,27.819,0
20220216,27.827,27.859,27.923,27.824,0
20220215,27.844,27.882,27.938,27.839,0
20220214,27.866,27.908,27.936,27.855,0
20220211,27.893,27.864,27.976,27.813,0
20220210,27.849,27.797,27.941,27.774,0
20220209,27.782,27.825,27.877,27.778,0
20220208,27.81,27.851,27.888,27.788,0
20220207,27.844,27.814,27.885,27.767,0
20220204,27.799,27.791,27.88,27.701,0
20220203,27.773,27.812,27.892,27.76,0
20220202,27.795,27.818,27.858,27.747,0
20220201,27.785,27.786,27.856,27.765,0
20220131,27.769,27.842,27.983,27.749,0
20220128,27.827,27.817,27.902,27.764,0
20220127,27.806,27.763,27.873,27.671,0
20220126,27.741,27.714,27.792,27.642,0
20220125,27.713,27.696,27.767,27.621,0
20220124,27.681,27.706,27.791,27.664,0
20220121,27.692,27.657,27.739,27.579,0
20220120,27.623,27.638,27.683,27.539,0
20220119,27.623,27.627,27.67,27.526,0
20220118,27.54,27.522,27.631,27.412,0
20220117,27.508,27.545,27.649,27.476,0
20220114,27.54,27.641,27.673,27.521,0
20220113,27.635,27.666,27.692,27.562,0
20220112,27.647,27.68,27.719,27.614,0
20220111,27.665,27.671,27.741,27.609,0
20220110,27.656,27.615,27.74,27.611,0
20220107,27.605,27.665,27.753,27.611,0
20220106,27.663,27.655,27.712,27.546,0
20220105,27.608,27.531,27.664,27.463,0
20220104,27.53,27.642,27.663,27.503,0
20220103,27.637,27.717,27.733,27.602,0
20211231,27.712,27.737,27.809,27.587,0
20211230,27.722,27.645,27.767,27.523,0
20211229,27.636,27.656,27.7,27.592,0
20211228,27.63,27.69,27.709,27.603,0
20211227,27.687,27.693,27.764,27.656,0
20211224,27.678,27.708,27.793,27.632,0
20211223,27.693,27.777,27.817,27.697,0
20211222,27.762,27.802,27.862,27.738,0
20211221,27.797,27.871,27.896,27.791,0
20211220,27.856,27.842,27.92,27.785,0
20211217,27.828,27.823,27.875,27.749,0
20211216,27.808,27.8,27.879,27.737,0
20211215,27.781,27.837,27.895,27.763,0
20211214,27.832,27.831,27.907,27.755,0
20211213,27.805,27.648,27.858,27.643,0.01
20211210,27.632,27.738,27.784,27.641,0
20211209,27.735,27.723,27.808,27.631,0
20211208,27.719,27.756,27.789,27.671,0
20211207,27.739,27.729,27.82,27.669,0
20211206,27.713,27.672,27.764,27.667,0
20211203,27.656,27.768,27.79,27.646,0
20211202,27.753,27.712,27.789,27.614,0
20211201,27.687,27.641,27.813,27.588,0
20211130,27.628,27.778,27.806,27.624,0
20211129,27.76,27.868,27.888,27.763,0
20211126,27.853,27.812,27.949,27.774,0
20211125,27.792,27.815,27.849,27.763,0
20211124,27.796,27.803,27.868,27.759,0
20211123,27.782,27.815,27.872,27.738,0
20211122,27.8,27.801,27.869,27.761,0
20211119,27.786,27.838,27.912,27.766,0
20211118,27.786,27.772,27.903,27.746,0
20211117,27.769,27.844,27.875,27.757,0
20211116,27.829,27.791,27.896,27.732,0
20211115,27.75,27.796,27.843,27.736,0
20211112,27.781,27.833,27.883,27.764,0
20211111,27.828,27.803,27.869,27.752,0
20211110,27.783,27.777,27.854,27.698,0
20211109,27.763,27.845,27.864,27.691,0
20211108,27.828,27.845,27.907,27.81,0
20211105,27.83,27.891,27.969,27.834,0
20211104,27.876,27.8,27.972,27.775,0
20211103,27.795,27.888,27.941,27.782,0
20211102,27.883,27.841,27.933,27.8,0
20211101,27.847,27.831,27.888,27.812,0
20211029,27.822,27.793,27.935,27.722,0
20211028,27.789,27.814,27.878,27.729,0
20211027,27.799,27.804,27.885,27.735,0
20211026,27.788,27.877,27.904,27.736,0
20211025,27.872,27.852,27.92,27.835,0
20211022,27.867,27.868,27.951,27.816,0
20211021,27.869,27.875,27.921,27.816,0
20211020,27.87,27.863,27.948,27.789,0
20211019,27.858,27.996,28.039,27.792,0
20211018,27.991,27.966,28.044,27.961,0
20211015,27.952,28.035,28.102,27.942,0
20211014,28.03,28.06,28.126,28.003,0
20211013,28.042,28.137,28.182,28.014,0
20211012,28.134,28.053,28.202,28.027,0
20211011,28.048,28.075,28.14,27.989,0
20211008,28.071,27.997,28.163,27.966,0
20211007,27.992,27.983,28.038,27.92,0
20211006,27.974,27.911,28.083,27.864,0
20211005,27.906,27.933,27.984,27.865,0
20211004,27.928,27.769,27.994,27.764,0.01
20211001,27.754,27.84,27.892,27.764,0
20210930,27.81,27.865,27.898,27.772,0
20210929,27.86,27.823,27.892,27.739,0
20210928,27.781,27.718,27.834,27.664,0
20210927,27.716,27.743,27.756,27.669,0
20210924,27.735,27.755,27.792,27.671,0
20210923,27.75,27.767,27.825,27.689,0
20210922,27.762,27.761,27.834,27.701,0
20210921,27.754,27.814,27.881,27.726,0
20210920,27.794,27.797,27.892,27.778,0
20210917,27.782,27.756,27.865,27.672,0
20210916,27.751,27.669,27.798,27.622,0
20210915,27.664,27.702,27.774,27.615,0
20210914,27.694,27.689,27.733,27.632,0
20210913,27.684,27.666,27.739,27.622,0
20210910,27.661,27.675,27.74,27.574,0
20210909,27.67,27.721,27.784,27.635,0
20210908,27.706,27.63,27.784,27.594,0
20210907,27.625,27.549,27.708,27.537,0
20210906,27.544,27.622,27.671,27.545,0
20210903,27.607,27.674,27.74,27.588,0
20210902,27.669,27.742,27.767,27.633,0
20210901,27.714,27.662,27.803,27.579,0
20210831,27.651,27.766,27.793,27.605,0
20210830,27.762,27.888,27.902,27.731,0
20210827,27.871,27.943,27.993,27.853,0
20210826,27.933,27.919,28.001,27.87,0
20210825,27.896,27.928,27.982,27.877,0
20210824,27.914,27.941,27.997,27.889,0
20210823,27.929,27.982,28.028,27.914,0
20210820,27.967,28.042,28.122,27.945,0
20210819,28.027,27.865,28.111,27.836,0.01
20210818,27.83,27.926,27.941,27.811,0
20210817,27.91,27.836,28,27.795,0
20210816,27.831,27.823,27.887,27.785,0
20210813,27.808,27.819,27.904,27.794,0
20210812,27.782,27.817,27.889,27.771,0
20210811,27.801,27.864,27.916,27.785,0
20210810,27.849,27.831,27.905,27.787,0
20210809,27.816,27.82,27.895,27.782,0
20210806,27.804,27.775,27.948,27.729,0
20210805,27.759,27.783,27.822,27.717,0
20210804,27.773,27.895,27.959,27.712,0
20210803,27.881,27.914,27.969,27.88,0
20210802,27.928,27.937,27.987,27.895,0
20210730,27.93,27.905,28.008,27.855,0
20210729,27.892,27.951,28.002,27.851,0
20210728,27.937,28.052,28.083,27.903,0
20210727,28.025,28.068,28.123,27.993,0
20210726,28.04,28.049,28.117,28.008,0
20210723,28.035,28.03,28.127,27.99,0
20210722,28.026,28.011,28.085,27.949,0
20210721,27.996,28.053,28.105,27.965,0
20210720,28.027,28.095,28.134,28.014,0
20210719,28.086,27.987,28.174,27.965,0
20210716,27.972,27.918,28.062,27.879,0
20210715,27.898,28.023,28.032,27.876,0
20210714,27.967,28.054,28.102,27.968,0
20210713,28.049,28.001,28.112,27.959,0
20210712,27.986,27.966,28.104,27.958,0
20210709,27.951,28.016,28.09,27.946,0
20210708,28.018,28.006,28.323,27.878,0
20210707,28.003,27.986,28.197,27.824,0
20210706,27.99,27.89,28.076,27.865,0
20210705,27.887,27.911,27.989,27.853,0
20210702,27.895,27.933,28.153,27.844,0
20210701,27.921,27.916,28.005,27.826,0
20210630,27.913,27.938,28.042,27.826,0
20210629,27.935,27.897,28.083,27.742,0
20210628,27.885,27.882,27.979,27.816,0
20210625,27.894,27.965,28.046,27.816,0
20210624,27.908,27.963,28.154,27.833,0
20210623,27.966,27.997,28.16,27.923,0
20210622,27.995,27.898,28.065,27.778,0
20210621,27.897,27.796,27.997,27.749,0
20210618,27.791,27.772,27.971,27.677,0
20210617,27.77,27.772,27.886,27.698,0
20210616,27.77,27.663,27.837,27.531,0
20210615,27.66,27.702,27.854,27.372,0
20210614,27.691,27.656,27.758,27.627,0
20210611,27.641,27.669,27.792,27.544,0
20210610,27.667,27.705,27.801,27.64,0
20210609,27.708,27.721,27.906,27.535,0
20210608,27.696,27.729,27.872,27.535,0
20210607,27.709,27.551,27.788,27.546,0.01
20210604,27.536,27.685,27.865,27.542,-0.01
20210603,27.705,27.67,27.795,27.475,0
20210602,27.668,27.576,27.784,27.386,0
20210601,27.573,27.562,27.702,27.426,0
20210531,27.524,27.7,27.757,27.507,-0.01
20210528,27.697,27.812,27.931,27.608,0
20210527,27.808,27.771,27.872,27.681,0
20210526,27.768,27.89,27.948,27.649,0
20210525,27.888,27.933,28.111,27.723,0
20210524,27.93,27.964,28.028,27.875,0
20210521,27.961,27.945,28.103,27.764,0
20210520,27.943,27.985,28.145,27.885,0
20210519,27.988,27.952,28.073,27.657,0
20210518,27.95,28.107,28.142,27.86,-0.01
20210517,28.102,27.973,28.206,27.956,0.01
20210514,27.958,27.956,27.991,27.837,0
20210513,27.941,28.035,28.066,27.922,0
20210512,28.022,27.946,28.066,27.888,0
20210511,27.934,27.767,27.978,27.726,0.01
20210510,27.755,27.8,27.86,27.654,0
20210507,27.803,27.958,27.969,27.719,-0.01
20210506,27.952,27.952,28.006,27.889,0
20210505,27.95,27.973,28.022,27.903,0
20210504,27.957,27.923,28.055,27.837,0
20210503,27.908,27.861,28.007,27.857,0
20210430,27.846,27.85,27.989,27.771,0
20210429,27.856,27.871,27.948,27.784,0
20210428,27.856,27.954,27.964,27.826,0
20210427,27.92,27.849,27.959,27.802,0
20210426,27.834,28.047,28.11,27.796,-0.01
20210423,28.032,28.102,28.148,28.008,0
20210422,28.086,28.113,28.154,28.017,0
20210421,28.091,28.123,28.153,28.031,0
20210420,28.111,28.146,28.302,27.902,0
20210419,28.135,28.266,28.368,28.059,-0.01
20210416,28.33,28.325,28.522,28.104,0
20210415,28.318,28.451,28.601,28.265,0
20210414,28.441,28.423,28.514,28.417,0
20210413,28.409,28.443,28.548,28.391,0
20210412,28.437,28.477,28.537,28.418,0
20210409,28.442,28.444,28.489,28.381,0
20210408,28.429,28.458,28.597,28.274,0
20210407,28.456,28.448,28.496,28.359,0
20210406,28.434,28.45,28.533,28.395,0
20210405,28.46,28.545,28.567,28.427,0
20210402,28.53,28.493,28.563,28.416,0
20210401,28.477,28.46,28.597,28.385,0
20210331,28.444,28.514,28.55,28.421,0
20210330,28.5,28.557,28.607,28.451,0
20210329,28.512,28.607,28.667,28.486,0
20210326,28.602,28.617,28.676,28.51,0
20210325,28.611,28.507,28.68,28.407,0
20210324,28.489,28.485,28.583,28.444,0
20210323,28.479,28.392,28.539,28.299,0
20210322,28.379,28.401,28.501,28.372,0
20210319,28.386,28.461,28.486,28.36,0
20210318,28.424,28.258,28.515,28.177,0.01
20210317,28.253,28.241,28.36,28.185,0
20210316,28.225,28.238,28.302,28.168,0
20210315,28.224,28.162,28.313,28.138,0
20210312,28.159,28.097,28.294,28.014,0
20210311,28.094,28.264,28.339,28.085,-0.01
20210310,28.25,28.265,28.404,28.23,0
20210309,28.24,28.298,28.431,28.236,0
20210308,28.273,27.946,28.333,27.915,0.01
20210305,27.943,27.894,27.991,27.822,0
20210304,27.878,27.787,27.913,27.721,0
20210303,27.782,27.847,27.896,27.722,0
20210302,27.832,27.822,27.935,27.732,0
20210301,27.816,27.877,27.896,27.8,0
20210226,27.865,27.896,27.942,27.78,0
20210225,27.864,27.842,27.917,27.764,0
20210224,27.818,27.863,27.893,27.805,0
20210223,27.846,27.907,27.934,27.816,0
20210222,27.888,27.928,27.953,27.876,0
20210219,27.92,27.911,27.987,27.869,0
20210218,27.896,27.984,28.024,27.878,0
20210217,27.982,28.026,28.083,27.94,0
20210216,28.02,28.016,28.087,27.901,0
20210215,27.999,28.03,28.058,27.955,0
20210212,28.025,28.005,28.069,27.894,0
20210211,27.995,28.033,28.059,27.921,0
20210210,28.028,27.99,28.067,27.863,0
20210209,27.983,28,28.039,27.89,0
20210208,27.974,27.989,28.046,27.903,0
20210205,27.974,28,28.042,27.909,0
20210204,27.973,27.953,28.056,27.864,0
20210203,27.934,27.951,28.024,27.897,0
20210202,27.935,28.011,28.045,27.936,0
20210201,28.008,28.016,28.066,27.927,0
20210129,28.001,27.995,28.068,27.914,0
20210128,27.99,28.028,28.135,27.934,0
20210127,27.973,28.004,28.08,27.903,0
20210126,27.997,27.996,28.053,27.914,0
20210125,27.983,27.967,28.036,27.952,0
20210122,27.952,27.954,28.031,27.876,0
20210121,27.949,28.003,28.028,27.865,0
20210120,27.965,28.004,28.093,27.917,0
20210119,27.998,27.995,28.059,27.928,0
20210118,27.977,27.996,28.077,27.953,0
20210115,27.98,27.991,28.06,27.891,0
20210114,27.984,28.039,28.057,27.938,0
20210113,27.985,27.993,28.072,27.951,0
20210112,27.98,28.035,28.069,27.911,0
20210111,28.018,28.017,28.089,27.96,0
20210108,28.002,28.022,28.094,27.944,0
20210107,28.031,28.012,28.097,27.947,0
20210106,27.997,27.976,28.056,27.921,0
20210105,27.961,28.096,28.164,27.938,0
20210104,28.08,28.069,28.142,28.026,0
20210101,28.054,28.114,28.126,28.038,0
20201231,28.075,28.13,28.168,28.04,0
20201230,28.109,28.098,28.164,28.028,0
20201229,28.094,28.123,28.181,28.053,0
20201228,28.118,28.128,28.171,28.081,0
20201225,28.123,28.119,28.153,28.025,0
20201224,28.106,28.151,28.174,28.098,0
20201223,28.134,28.17,28.202,28.081,0
20201222,28.137,28.154,28.219,28.127,0
20201221,28.137,28.17,28.287,28.123,0
20201218,28.154,28.138,28.189,28.095,0
20201217,28.146,28.105,28.231,28.063,0
20201216,28.133,28.13,28.182,28.066,0
20201215,28.125,28.131,28.211,28.083,0
20201214,28.114,28.182,28.205,28.097,0
20201211,28.177,28.2,28.34,28.126,0
20201210,28.175,28.268,28.276,28.184,0
20201209,28.25,28.235,28.288,28.157,0
20201208,28.241,28.239,28.289,28.185,0
20201207,28.224,28.216,28.317,28.209,0
20201204,28.201,28.42,28.431,28.146,-0.01
20201203,28.412,28.512,28.542,28.25,0
20201202,28.481,28.527,28.576,28.444,0
20201201,28.513,28.601,28.618,28.509,0
20201130,28.576,28.519,28.601,28.495,0
20201127,28.504,28.504,28.566,28.43,0
20201126,28.499,28.485,28.548,28.436,0
20201125,28.48,28.491,28.544,28.4,0
20201124,28.486,28.54,28.584,28.451,0
20201123,28.525,28.536,28.57,28.49,0
20201120,28.525,28.544,28.594,28.475,0
20201119,28.511,28.511,28.578,28.498,0
20201118,28.496,28.516,28.549,28.472,0
20201117,28.511,28.494,28.57,28.414,0
20201116,28.479,28.47,28.595,28.441,0
20201113,28.459,28.533,28.553,28.444,0
20201112,28.51,28.527,28.584,28.461,0
20201111,28.512,28.625,28.639,28.5,0
20201110,28.587,28.65,28.656,28.515,0
20201109,28.627,28.582,28.66,28.452,0
20201106,28.567,28.53,28.632,28.488,0
20201105,28.51,28.565,28.65,28.485,0
20201104,28.552,28.611,28.707,28.555,0
20201103,28.606,28.576,28.662,28.546,0
20201102,28.561,28.599,28.655,28.51,0
20201030,28.584,28.602,28.646,28.372,0
20201029,28.597,28.617,28.652,28.552,0
20201028,28.597,28.604,28.647,28.539,0
20201027,28.589,28.604,28.646,28.507,0
20201026,28.599,28.63,28.752,28.57,0
20201023,28.618,28.724,28.725,28.576,0
20201022,28.713,28.693,28.759,28.615,0
20201021,28.678,28.713,28.744,28.626,0
20201020,28.7,28.743,28.76,28.692,0
20201019,28.729,28.787,28.792,28.695,0
20201016,28.782,28.751,28.816,28.723,0
20201015,28.746,28.758,28.816,28.698,0
20201014,28.753,28.745,28.883,28.666,0
20201013,28.742,28.621,28.781,28.573,0.01
20201012,28.599,28.616,28.715,28.549,0
20201009,28.612,28.627,28.674,28.549,0
20201008,28.638,28.678,28.759,28.622,0
20201007,28.663,28.821,28.857,28.628,-0.01
20201006,28.817,28.756,28.834,28.674,0
20201005,28.732,28.934,28.94,28.678,-0.01
20201002,28.92,28.878,28.979,28.872,0
20201001,28.863,28.946,28.951,28.832,0
20200930,28.923,28.985,29.042,28.896,0
20200929,28.999,29.108,29.146,28.954,0
20200928,29.094,29.266,29.288,29.079,-0.01
20200925,29.253,29.267,29.323,29.179,0
20200924,29.262,29.217,29.408,29.131,0
20200923,29.151,29.046,29.25,29.01,0
20200922,29.032,28.982,29.125,28.956,0
20200921,28.963,29,29.032,28.782,0
20200918,28.985,29.15,29.189,28.975,0
20200917,29.126,29.215,29.261,29.101,0
20200916,29.234,29.231,29.269,29.126,0
20200915,29.217,29.257,29.279,29.167,0
20200914,29.245,29.297,29.323,29.213,0
20200911,29.291,29.275,29.341,29.204,0
20200910,29.279,29.31,29.333,29.232,0
20200909,29.277,29.27,29.359,29.166,0
20200908,29.258,29.332,29.338,29.222,0
20200907,29.308,29.338,29.378,29.253,0
20200904,29.324,29.347,29.379,29.288,0
20200903,29.342,29.366,29.397,29.293,0
20200902,29.357,29.37,29.39,29.297,0
20200901,29.353,29.377,29.403,29.285,0
20200831,29.365,29.347,29.409,29.306,0
20200828,29.338,29.384,29.415,29.274,0
20200827,29.378,29.361,29.404,29.29,0
20200826,29.348,29.375,29.414,29.291,0
20200825,29.358,29.382,29.424,29.295,0
20200824,29.365,29.407,29.443,29.312,0
20200821,29.392,29.422,29.448,29.318,0
20200820,29.393,29.4,29.485,29.312,0
20200819,29.381,29.427,29.437,29.332,0
20200818,29.381,29.39,29.451,29.341,0
20200817,29.386,29.397,29.464,29.353,0
20200814,29.392,29.439,29.452,29.336,0
20200813,29.43,29.369,29.474,29.299,0
20200812,29.354,29.406,29.475,29.326,0
20200811,29.392,29.401,29.465,29.316,0
20200810,29.386,29.436,29.441,29.351,0
20200807,29.421,29.396,29.445,29.306,0
20200806,29.379,29.372,29.41,29.299,0
20200805,29.357,29.391,29.402,29.307,0
20200804,29.375,29.378,29.433,29.32,0
20200803,29.341,29.325,29.438,29.26,0
20200731,29.337,29.303,29.406,29.254,0
20200730,29.287,29.271,29.352,29.243,0
20200729,29.256,29.338,29.358,29.24,0
20200728,29.324,29.335,29.351,29.199,0
20200727,29.301,29.466,29.492,29.302,-0.01
20200724,29.451,29.443,29.52,29.406,0
20200723,29.428,29.446,29.493,29.397,0
20200722,29.432,29.428,29.476,29.372,0
20200721,29.414,29.446,29.522,29.385,0
20200720,29.446,29.468,29.535,29.446,0
20200717,29.453,29.465,29.535,29.373,0
20200716,29.452,29.478,29.514,29.426,0
20200715,29.499,29.489,29.525,29.385,0
20200714,29.458,29.447,29.54,29.358,0
20200713,29.433,29.478,29.528,29.413,0
20200710,29.463,29.431,29.571,29.416,0
20200709,29.411,29.439,29.482,29.35,0
20200708,29.431,29.488,29.503,29.384,0
20200707,29.468,29.392,29.505,29.344,0
20200706,29.377,29.454,29.507,29.382,0
20200703,29.449,29.448,29.499,29.427,0
20200702,29.434,29.468,29.5,29.418,0
20200701,29.433,29.439,29.555,29.404,0
20200630,29.412,29.474,29.525,29.368,0
20200629,29.448,29.537,29.61,29.402,0
20200626,29.522,29.514,29.566,29.472,0
20200625,29.499,29.534,29.564,29.472,0
20200624,29.518,29.566,29.605,29.444,0
20200623,29.546,29.614,29.635,29.497,0
20200622,29.593,29.599,29.654,29.563,0
20200619,29.589,29.626,29.652,29.533,0
20200618,29.597,29.621,29.676,29.545,0
20200617,29.612,29.671,29.701,29.585,0
20200616,29.654,29.65,29.733,29.553,0
20200615,29.629,29.644,29.755,29.629,0
20200612,29.629,29.708,29.769,29.588,0
20200611,29.689,29.611,29.717,29.518,0
20200610,29.587,29.752,29.795,29.489,0
20200609,29.724,29.685,29.792,29.649,0
20200608,29.659,29.728,29.8,29.651,0
20200605,29.675,29.916,29.921,29.646,-0.01
20200604,29.89,29.905,29.959,29.858,0
20200603,29.9,29.938,29.971,29.853,0
20200602,29.926,29.921,29.986,29.851,0
20200601,29.883,29.959,30.014,29.853,0
20200529,29.944,30.005,30.056,29.925,0
20200528,29.985,30.041,30.09,29.937,0
20200527,30.031,29.99,30.088,29.895,0
20200526,29.96,30.064,30.083,29.938,0
20200525,30.025,30.083,30.115,30.009,0
20200522,30.069,29.945,30.134,29.884,0
20200521,29.922,29.926,29.983,29.858,0
20200520,29.915,29.946,30.037,29.891,0
20200519,29.93,29.941,29.993,29.897,0
20200518,29.931,29.969,30.071,29.9,0
20200515,29.954,29.894,29.992,29.868,0
20200514,29.879,29.906,30.003,29.85,0
20200513,29.898,29.931,29.948,29.848,0
20200512,29.91,29.884,29.943,29.83,0
20200511,29.861,29.855,29.954,29.806,0
20200508,29.845,29.925,29.934,29.83,0
20200507,29.885,30.004,30.044,29.874,0
20200506,29.996,29.874,30.019,29.82,0
20200505,29.864,29.817,29.895,29.716,0
20200504,29.808,29.908,29.959,29.756,0
20200501,29.893,29.792,29.945,29.776,0
20200430,29.776,29.873,29.913,29.674,0
20200429,29.829,29.975,30.004,29.828,0
20200428,29.96,30.04,30.042,29.944,0
20200427,30.03,30.094,30.12,29.972,0
20200424,30.08,30.081,30.125,30.035,0
20200423,30.061,30.099,30.118,30.025,0
20200422,30.082,30.093,30.132,30.041,0
20200421,30.078,30.031,30.142,30.031,0
20200420,30.029,30.05,30.083,29.99,0
20200417,30.035,30.121,30.132,30.02,0
20200416,30.106,30.095,30.148,30.052,0
20200415,30.087,30.057,30.131,29.955,0
20200414,30.039,30.096,30.121,30.01,0
20200413,30.069,30.041,30.136,30.033,0
20200410,30.036,30.078,30.101,29.984,0
20200409,30.068,30.132,30.142,30.016,0
20200408,30.107,30.095,30.152,30.002,0
20200407,30.089,30.215,30.232,29.978,0
20200406,30.199,30.265,30.324,30.165,0
20200403,30.235,30.2,30.33,30.122,0
20200402,30.186,30.291,30.324,30.166,0
20200401,30.292,30.286,30.376,30.222,0
20200331,30.268,30.28,30.343,30.184,0
20200330,30.276,30.196,30.33,30.176,0
20200327,30.181,30.219,30.279,30.1,0
20200326,30.204,30.308,30.334,30.188,0
20200325,30.293,30.166,30.333,30.124,0
20200324,30.161,30.283,30.346,30.118,0
20200323,30.249,30.28,30.444,30.216,0
20200320,30.265,30.479,30.479,30.186,-0.01
20200319,30.464,30.361,30.57,30.305,0
20200318,30.35,30.248,30.455,30.149,0.01
20200317,30.194,30.245,30.327,30.183,0
20200316,30.236,30.144,30.294,30.025,0
20200313,30.135,30.182,30.329,30.007,0
20200312,30.167,30.16,30.241,30.056,0
20200311,30.143,29.941,30.186,29.866,0.01
20200310,29.918,30.015,30.066,29.84,0
20200309,29.985,29.915,30.136,29.915,0
20200306,29.9,29.955,29.999,29.862,0
20200305,29.946,29.903,29.985,29.847,0
20200304,29.912,29.847,30.005,29.81,0
20200303,29.891,29.848,30.065,29.74,0
20200302,29.85,30.137,30.184,29.847,-0.01
20200228,30.122,30.252,30.362,30.092,0
20200227,30.261,30.274,30.382,30.158,0
20200226,30.267,30.42,30.448,30.243,0
20200225,30.396,30.442,30.476,30.31,0
20200224,30.43,30.454,30.533,30.399,0
20200221,30.385,30.393,30.537,30.3,0
20200220,30.363,30.177,30.476,30.105,0.01
20200219,30.156,30.114,30.194,30.055,0
20200218,30.098,30.021,30.173,30.006,0
20200217,30.009,30.025,30.046,29.972,0
20200214,30.024,30.014,30.053,29.959,0
20200213,29.998,30.015,30.038,29.892,0
20200212,29.981,30.039,30.049,29.913,0
20200211,30.022,30.094,30.1,29.921,0
20200210,30.085,30.178,30.219,30.034,0
20200207,30.169,30.081,30.221,30.029,0
20200206,30.07,30.053,30.118,29.958,0
20200205,30.016,30.098,30.194,29.952,0
20200204,30.085,30.25,30.31,30.088,-0.01
20200203,30.237,30.355,30.395,30.229,0
20200131,30.346,30.264,30.421,30.157,0
20200130,30.25,30.094,30.397,30.025,0.01
20200129,30.076,30.072,30.16,30.007,0
20200128,30.056,30.156,30.202,30.058,0
20200127,30.177,30.05,30.197,30.045,0
20200124,30.041,30.047,30.091,29.965,0
20200123,30.031,29.995,30.097,29.928,0
20200122,29.982,30.053,30.07,29.933,0
20200121,30.046,29.965,30.071,29.897,0
20200120,29.954,29.965,29.992,29.911,0
20200117,29.948,29.929,29.986,29.858,0
20200116,29.915,29.944,29.965,29.881,0
20200115,29.915,29.93,30.027,29.855,0
20200114,29.901,29.895,29.978,29.838,0
20200113,29.872,29.975,29.999,29.855,0
20200110,29.96,29.978,30.021,29.933,0
20200109,29.968,30.014,30.046,29.892,0
20200108,30.017,30.055,30.149,29.994,0
20200107,30.039,30.059,30.096,29.982,0
20200106,30.056,30.053,30.118,30,0
20200103,30.044,29.999,30.126,29.958,0
20200102,29.987,29.986,30.089,29.963,0
20200101,29.914,29.914,29.914,29.914,0
